rvac_ID,utr_originial_varylength,label,utr_50,utr_100,Length
RV-UML-m102,ACATTTGCTTCTGACACAACTGTGTTCACTAGCAACCTCAAACAGACACC,0.85,ACATTTGCTTCTGACACAACTGTGTTCACTAGCAACCTCAAACAGACACC,<pad><pad><pad><pad><pad><pad><pad><pad><pad><pad><pad><pad><pad><pad><pad><pad><pad><pad><pad><pad><pad><pad><pad><pad><pad><pad><pad><pad><pad><pad><pad><pad><pad><pad><pad><pad><pad><pad><pad><pad><pad><pad><pad><pad><pad><pad><pad><pad><pad><pad>ACATTTGCTTCTGACACAACTGTGTTCACTAGCAACCTCAAACAGACACC,50
RV-UML-m105,ACCATGGTGCTGTCTCCTGCCGACAAGACCAACGTCAAGGCCGCCTGGGG,1.03,ACCATGGTGCTGTCTCCTGCCGACAAGACCAACGTCAAGGCCGCCTGGGG,<pad><pad><pad><pad><pad><pad><pad><pad><pad><pad><pad><pad><pad><pad><pad><pad><pad><pad><pad><pad><pad><pad><pad><pad><pad><pad><pad><pad><pad><pad><pad><pad><pad><pad><pad><pad><pad><pad><pad><pad><pad><pad><pad><pad><pad><pad><pad><pad><pad><pad>ACCATGGTGCTGTCTCCTGCCGACAAGACCAACGTCAAGGCCGCCTGGGG,50
RV-UML-m074,AGAAAAGGTCCTATCCTGCTCAACTGTTCAAACGAGAACTGACGGTGGCA,1.01,AGAAAAGGTCCTATCCTGCTCAACTGTTCAAACGAGAACTGACGGTGGCA,<pad><pad><pad><pad><pad><pad><pad><pad><pad><pad><pad><pad><pad><pad><pad><pad><pad><pad><pad><pad><pad><pad><pad><pad><pad><pad><pad><pad><pad><pad><pad><pad><pad><pad><pad><pad><pad><pad><pad><pad><pad><pad><pad><pad><pad><pad><pad><pad><pad><pad>AGAAAAGGTCCTATCCTGCTCAACTGTTCAAACGAGAACTGACGGTGGCA,50
RV-UML-m043,AGAAAATCAAAATACAATTTGCCCGCTGGACACCCAGCACAGCCTACGAC,0.59,AGAAAATCAAAATACAATTTGCCCGCTGGACACCCAGCACAGCCTACGAC,<pad><pad><pad><pad><pad><pad><pad><pad><pad><pad><pad><pad><pad><pad><pad><pad><pad><pad><pad><pad><pad><pad><pad><pad><pad><pad><pad><pad><pad><pad><pad><pad><pad><pad><pad><pad><pad><pad><pad><pad><pad><pad><pad><pad><pad><pad><pad><pad><pad><pad>AGAAAATCAAAATACAATTTGCCCGCTGGACACCCAGCACAGCCTACGAC,50
RV-UML-m347,AGAAACCGTCCTTTCGAATTACTCGGCTTTAGAGCCGGGGAACACATAAA,0.99,AGAAACCGTCCTTTCGAATTACTCGGCTTTAGAGCCGGGGAACACATAAA,<pad><pad><pad><pad><pad><pad><pad><pad><pad><pad><pad><pad><pad><pad><pad><pad><pad><pad><pad><pad><pad><pad><pad><pad><pad><pad><pad><pad><pad><pad><pad><pad><pad><pad><pad><pad><pad><pad><pad><pad><pad><pad><pad><pad><pad><pad><pad><pad><pad><pad>AGAAACCGTCCTTTCGAATTACTCGGCTTTAGAGCCGGGGAACACATAAA,50
RV-UML-m091,AGAACGCGAGTTCCTTCTTCACTGGTACCTCACACCCAATAGCAATTCCA,1.18,AGAACGCGAGTTCCTTCTTCACTGGTACCTCACACCCAATAGCAATTCCA,<pad><pad><pad><pad><pad><pad><pad><pad><pad><pad><pad><pad><pad><pad><pad><pad><pad><pad><pad><pad><pad><pad><pad><pad><pad><pad><pad><pad><pad><pad><pad><pad><pad><pad><pad><pad><pad><pad><pad><pad><pad><pad><pad><pad><pad><pad><pad><pad><pad><pad>AGAACGCGAGTTCCTTCTTCACTGGTACCTCACACCCAATAGCAATTCCA,50
RV-UML-m056,AGAACTCGATTCGCGACGTATTTCAAATAATCGTAGTCTGCGGCTCAGTT,0.57,AGAACTCGATTCGCGACGTATTTCAAATAATCGTAGTCTGCGGCTCAGTT,<pad><pad><pad><pad><pad><pad><pad><pad><pad><pad><pad><pad><pad><pad><pad><pad><pad><pad><pad><pad><pad><pad><pad><pad><pad><pad><pad><pad><pad><pad><pad><pad><pad><pad><pad><pad><pad><pad><pad><pad><pad><pad><pad><pad><pad><pad><pad><pad><pad><pad>AGAACTCGATTCGCGACGTATTTCAAATAATCGTAGTCTGCGGCTCAGTT,50
RV-UML-m088,AGAAGAAATTCAAGCTCCTACGTGCTGATATAAGTTGGGAAGCGATCCCA,1.1,AGAAGAAATTCAAGCTCCTACGTGCTGATATAAGTTGGGAAGCGATCCCA,<pad><pad><pad><pad><pad><pad><pad><pad><pad><pad><pad><pad><pad><pad><pad><pad><pad><pad><pad><pad><pad><pad><pad><pad><pad><pad><pad><pad><pad><pad><pad><pad><pad><pad><pad><pad><pad><pad><pad><pad><pad><pad><pad><pad><pad><pad><pad><pad><pad><pad>AGAAGAAATTCAAGCTCCTACGTGCTGATATAAGTTGGGAAGCGATCCCA,50
RV-UML-m080,AGAAGAAGTTTTCCCAGAGGATTACTTTCGTACATTACACGTCACGAGCT,1.03,AGAAGAAGTTTTCCCAGAGGATTACTTTCGTACATTACACGTCACGAGCT,<pad><pad><pad><pad><pad><pad><pad><pad><pad><pad><pad><pad><pad><pad><pad><pad><pad><pad><pad><pad><pad><pad><pad><pad><pad><pad><pad><pad><pad><pad><pad><pad><pad><pad><pad><pad><pad><pad><pad><pad><pad><pad><pad><pad><pad><pad><pad><pad><pad><pad>AGAAGAAGTTTTCCCAGAGGATTACTTTCGTACATTACACGTCACGAGCT,50
RV-UML-m095,AGAAGATCCCGTTGTTCATTTCTAGTGACGTGTTTGGCTTCTGCGGGGTA,1.11,AGAAGATCCCGTTGTTCATTTCTAGTGACGTGTTTGGCTTCTGCGGGGTA,<pad><pad><pad><pad><pad><pad><pad><pad><pad><pad><pad><pad><pad><pad><pad><pad><pad><pad><pad><pad><pad><pad><pad><pad><pad><pad><pad><pad><pad><pad><pad><pad><pad><pad><pad><pad><pad><pad><pad><pad><pad><pad><pad><pad><pad><pad><pad><pad><pad><pad>AGAAGATCCCGTTGTTCATTTCTAGTGACGTGTTTGGCTTCTGCGGGGTA,50
RV-UML-m059,AGAAGCGTGATCTGATTGTGGGGATTTCAGTCGAGACATTCCTTTCCGCT,1.1,AGAAGCGTGATCTGATTGTGGGGATTTCAGTCGAGACATTCCTTTCCGCT,<pad><pad><pad><pad><pad><pad><pad><pad><pad><pad><pad><pad><pad><pad><pad><pad><pad><pad><pad><pad><pad><pad><pad><pad><pad><pad><pad><pad><pad><pad><pad><pad><pad><pad><pad><pad><pad><pad><pad><pad><pad><pad><pad><pad><pad><pad><pad><pad><pad><pad>AGAAGCGTGATCTGATTGTGGGGATTTCAGTCGAGACATTCCTTTCCGCT,50
RV-UML-m358,AGAAGGTTCCGCGACGCTCCCGCCTTCTATCCCCTTCTTTAAAGTCGCTG,1.16,AGAAGGTTCCGCGACGCTCCCGCCTTCTATCCCCTTCTTTAAAGTCGCTG,<pad><pad><pad><pad><pad><pad><pad><pad><pad><pad><pad><pad><pad><pad><pad><pad><pad><pad><pad><pad><pad><pad><pad><pad><pad><pad><pad><pad><pad><pad><pad><pad><pad><pad><pad><pad><pad><pad><pad><pad><pad><pad><pad><pad><pad><pad><pad><pad><pad><pad>AGAAGGTTCCGCGACGCTCCCGCCTTCTATCCCCTTCTTTAAAGTCGCTG,50
RV-UML-m362,AGAATACCGCAGGTTAAAGCTGTGGTGGAGCCGACAGTCATCACCGCCGG,1.09,AGAATACCGCAGGTTAAAGCTGTGGTGGAGCCGACAGTCATCACCGCCGG,<pad><pad><pad><pad><pad><pad><pad><pad><pad><pad><pad><pad><pad><pad><pad><pad><pad><pad><pad><pad><pad><pad><pad><pad><pad><pad><pad><pad><pad><pad><pad><pad><pad><pad><pad><pad><pad><pad><pad><pad><pad><pad><pad><pad><pad><pad><pad><pad><pad><pad>AGAATACCGCAGGTTAAAGCTGTGGTGGAGCCGACAGTCATCACCGCCGG,50
RV-UML-m359,AGAATAGCAGCAAACTAGAGCTTTGAACAAGAACGGTGGACCCCGTCACC,1.04,AGAATAGCAGCAAACTAGAGCTTTGAACAAGAACGGTGGACCCCGTCACC,<pad><pad><pad><pad><pad><pad><pad><pad><pad><pad><pad><pad><pad><pad><pad><pad><pad><pad><pad><pad><pad><pad><pad><pad><pad><pad><pad><pad><pad><pad><pad><pad><pad><pad><pad><pad><pad><pad><pad><pad><pad><pad><pad><pad><pad><pad><pad><pad><pad><pad>AGAATAGCAGCAAACTAGAGCTTTGAACAAGAACGGTGGACCCCGTCACC,50
RV-UML-m089,AGAATTCTTCGCAAGAGCTGGCGTACAATCCCCAGCATCCAGCGCAAGAT,1.05,AGAATTCTTCGCAAGAGCTGGCGTACAATCCCCAGCATCCAGCGCAAGAT,<pad><pad><pad><pad><pad><pad><pad><pad><pad><pad><pad><pad><pad><pad><pad><pad><pad><pad><pad><pad><pad><pad><pad><pad><pad><pad><pad><pad><pad><pad><pad><pad><pad><pad><pad><pad><pad><pad><pad><pad><pad><pad><pad><pad><pad><pad><pad><pad><pad><pad>AGAATTCTTCGCAAGAGCTGGCGTACAATCCCCAGCATCCAGCGCAAGAT,50
RV-UML-m061,AGACAGAAAATCCGGATTTGTTATTTTCCTCTGTGCTGCGTGTAGCAGCT,1.05,AGACAGAAAATCCGGATTTGTTATTTTCCTCTGTGCTGCGTGTAGCAGCT,<pad><pad><pad><pad><pad><pad><pad><pad><pad><pad><pad><pad><pad><pad><pad><pad><pad><pad><pad><pad><pad><pad><pad><pad><pad><pad><pad><pad><pad><pad><pad><pad><pad><pad><pad><pad><pad><pad><pad><pad><pad><pad><pad><pad><pad><pad><pad><pad><pad><pad>AGACAGAAAATCCGGATTTGTTATTTTCCTCTGTGCTGCGTGTAGCAGCT,50
RV-UML-m028,AGACCGGGTTTCTCTGCATAATCTTTATACTGGCAGATAAAGCCATTGCC,1.16,AGACCGGGTTTCTCTGCATAATCTTTATACTGGCAGATAAAGCCATTGCC,<pad><pad><pad><pad><pad><pad><pad><pad><pad><pad><pad><pad><pad><pad><pad><pad><pad><pad><pad><pad><pad><pad><pad><pad><pad><pad><pad><pad><pad><pad><pad><pad><pad><pad><pad><pad><pad><pad><pad><pad><pad><pad><pad><pad><pad><pad><pad><pad><pad><pad>AGACCGGGTTTCTCTGCATAATCTTTATACTGGCAGATAAAGCCATTGCC,50
RV-UML-m361,AGACCTATCCAGACCTTCTCGGCCTCACCATTGCCGTCGCACTCGTACTG,1.16,AGACCTATCCAGACCTTCTCGGCCTCACCATTGCCGTCGCACTCGTACTG,<pad><pad><pad><pad><pad><pad><pad><pad><pad><pad><pad><pad><pad><pad><pad><pad><pad><pad><pad><pad><pad><pad><pad><pad><pad><pad><pad><pad><pad><pad><pad><pad><pad><pad><pad><pad><pad><pad><pad><pad><pad><pad><pad><pad><pad><pad><pad><pad><pad><pad>AGACCTATCCAGACCTTCTCGGCCTCACCATTGCCGTCGCACTCGTACTG,50
RV-UML-m370,AGACGATTTGGTCTGTACAAACGCGTACCGATATACACGAGGTAGGGGCC,1.09,AGACGATTTGGTCTGTACAAACGCGTACCGATATACACGAGGTAGGGGCC,<pad><pad><pad><pad><pad><pad><pad><pad><pad><pad><pad><pad><pad><pad><pad><pad><pad><pad><pad><pad><pad><pad><pad><pad><pad><pad><pad><pad><pad><pad><pad><pad><pad><pad><pad><pad><pad><pad><pad><pad><pad><pad><pad><pad><pad><pad><pad><pad><pad><pad>AGACGATTTGGTCTGTACAAACGCGTACCGATATACACGAGGTAGGGGCC,50
RV-UML-m065,AGACGGATAAACCGTATATCATAGGTGTCCTCACACACAGACGGGACGAG,0.94,AGACGGATAAACCGTATATCATAGGTGTCCTCACACACAGACGGGACGAG,<pad><pad><pad><pad><pad><pad><pad><pad><pad><pad><pad><pad><pad><pad><pad><pad><pad><pad><pad><pad><pad><pad><pad><pad><pad><pad><pad><pad><pad><pad><pad><pad><pad><pad><pad><pad><pad><pad><pad><pad><pad><pad><pad><pad><pad><pad><pad><pad><pad><pad>AGACGGATAAACCGTATATCATAGGTGTCCTCACACACAGACGGGACGAG,50
RV-UML-m280,AGACGGTAGACAAGGAATCGAAAGACTGCTCCTCACTGCTTACGTTTACC,1.18,AGACGGTAGACAAGGAATCGAAAGACTGCTCCTCACTGCTTACGTTTACC,<pad><pad><pad><pad><pad><pad><pad><pad><pad><pad><pad><pad><pad><pad><pad><pad><pad><pad><pad><pad><pad><pad><pad><pad><pad><pad><pad><pad><pad><pad><pad><pad><pad><pad><pad><pad><pad><pad><pad><pad><pad><pad><pad><pad><pad><pad><pad><pad><pad><pad>AGACGGTAGACAAGGAATCGAAAGACTGCTCCTCACTGCTTACGTTTACC,50
RV-UML-m113,AGACTCGGCTCAAACTCTGGGATCTGGAAC,0.97,<pad><pad><pad><pad><pad><pad><pad><pad><pad><pad><pad><pad><pad><pad><pad><pad><pad><pad><pad><pad>AGACTCGGCTCAAACTCTGGGATCTGGAAC,<pad><pad><pad><pad><pad><pad><pad><pad><pad><pad><pad><pad><pad><pad><pad><pad><pad><pad><pad><pad><pad><pad><pad><pad><pad><pad><pad><pad><pad><pad><pad><pad><pad><pad><pad><pad><pad><pad><pad><pad><pad><pad><pad><pad><pad><pad><pad><pad><pad><pad><pad><pad><pad><pad><pad><pad><pad><pad><pad><pad><pad><pad><pad><pad><pad><pad><pad><pad><pad><pad>AGACTCGGCTCAAACTCTGGGATCTGGAAC,30
RV-UML-m101,AGACTCTTCTGGTCCCCACAGACTCAGAGAGAACCCACC,1.1,<pad><pad><pad><pad><pad><pad><pad><pad><pad><pad><pad>AGACTCTTCTGGTCCCCACAGACTCAGAGAGAACCCACC,<pad><pad><pad><pad><pad><pad><pad><pad><pad><pad><pad><pad><pad><pad><pad><pad><pad><pad><pad><pad><pad><pad><pad><pad><pad><pad><pad><pad><pad><pad><pad><pad><pad><pad><pad><pad><pad><pad><pad><pad><pad><pad><pad><pad><pad><pad><pad><pad><pad><pad><pad><pad><pad><pad><pad><pad><pad><pad><pad><pad><pad>AGACTCTTCTGGTCCCCACAGACTCAGAGAGAACCCACC,39
RV-UML-m349,AGACTGAGTAGCGTTGTCGATTGCTGTTTTCATAACCGTACCGAGCCTGC,1.24,AGACTGAGTAGCGTTGTCGATTGCTGTTTTCATAACCGTACCGAGCCTGC,<pad><pad><pad><pad><pad><pad><pad><pad><pad><pad><pad><pad><pad><pad><pad><pad><pad><pad><pad><pad><pad><pad><pad><pad><pad><pad><pad><pad><pad><pad><pad><pad><pad><pad><pad><pad><pad><pad><pad><pad><pad><pad><pad><pad><pad><pad><pad><pad><pad><pad>AGACTGAGTAGCGTTGTCGATTGCTGTTTTCATAACCGTACCGAGCCTGC,50
RV-UML-m355,AGACTGGCAGACCAGGTTCCCGACCGTGGTCCCGTTTGGTACTCTTCCGC,1.06,AGACTGGCAGACCAGGTTCCCGACCGTGGTCCCGTTTGGTACTCTTCCGC,<pad><pad><pad><pad><pad><pad><pad><pad><pad><pad><pad><pad><pad><pad><pad><pad><pad><pad><pad><pad><pad><pad><pad><pad><pad><pad><pad><pad><pad><pad><pad><pad><pad><pad><pad><pad><pad><pad><pad><pad><pad><pad><pad><pad><pad><pad><pad><pad><pad><pad>AGACTGGCAGACCAGGTTCCCGACCGTGGTCCCGTTTGGTACTCTTCCGC,50
RV-UML-m017,AGAGAAAGAGTTTCGAGAAAGTTGCGATACACACCGACCTAATCCGTGTC,1.26,AGAGAAAGAGTTTCGAGAAAGTTGCGATACACACCGACCTAATCCGTGTC,<pad><pad><pad><pad><pad><pad><pad><pad><pad><pad><pad><pad><pad><pad><pad><pad><pad><pad><pad><pad><pad><pad><pad><pad><pad><pad><pad><pad><pad><pad><pad><pad><pad><pad><pad><pad><pad><pad><pad><pad><pad><pad><pad><pad><pad><pad><pad><pad><pad><pad>AGAGAAAGAGTTTCGAGAAAGTTGCGATACACACCGACCTAATCCGTGTC,50
RV-UML-m319,AGAGAACCCAGTACCCAATTCCACGCGAACGTAGACGAGAAGGAGGTGCG,1.14,AGAGAACCCAGTACCCAATTCCACGCGAACGTAGACGAGAAGGAGGTGCG,<pad><pad><pad><pad><pad><pad><pad><pad><pad><pad><pad><pad><pad><pad><pad><pad><pad><pad><pad><pad><pad><pad><pad><pad><pad><pad><pad><pad><pad><pad><pad><pad><pad><pad><pad><pad><pad><pad><pad><pad><pad><pad><pad><pad><pad><pad><pad><pad><pad><pad>AGAGAACCCAGTACCCAATTCCACGCGAACGTAGACGAGAAGGAGGTGCG,50
RV-UML-m324,AGAGAATCTTGTGCTTATTGTGATCGAGCATTGCAGTGGCGTTGGCCATT,1.14,AGAGAATCTTGTGCTTATTGTGATCGAGCATTGCAGTGGCGTTGGCCATT,<pad><pad><pad><pad><pad><pad><pad><pad><pad><pad><pad><pad><pad><pad><pad><pad><pad><pad><pad><pad><pad><pad><pad><pad><pad><pad><pad><pad><pad><pad><pad><pad><pad><pad><pad><pad><pad><pad><pad><pad><pad><pad><pad><pad><pad><pad><pad><pad><pad><pad>AGAGAATCTTGTGCTTATTGTGATCGAGCATTGCAGTGGCGTTGGCCATT,50
RV-UML-m287,AGAGAGAAGAATTCGTGTGGCAGCCTCTTGGAACGCACTTGAACCAGATC,1.04,AGAGAGAAGAATTCGTGTGGCAGCCTCTTGGAACGCACTTGAACCAGATC,<pad><pad><pad><pad><pad><pad><pad><pad><pad><pad><pad><pad><pad><pad><pad><pad><pad><pad><pad><pad><pad><pad><pad><pad><pad><pad><pad><pad><pad><pad><pad><pad><pad><pad><pad><pad><pad><pad><pad><pad><pad><pad><pad><pad><pad><pad><pad><pad><pad><pad>AGAGAGAAGAATTCGTGTGGCAGCCTCTTGGAACGCACTTGAACCAGATC,50
RV-UML-m328,AGAGAGAAGCAACGAAGGATCTACAGAACGTTCCTCTCCACGTGATCACT,1.02,AGAGAGAAGCAACGAAGGATCTACAGAACGTTCCTCTCCACGTGATCACT,<pad><pad><pad><pad><pad><pad><pad><pad><pad><pad><pad><pad><pad><pad><pad><pad><pad><pad><pad><pad><pad><pad><pad><pad><pad><pad><pad><pad><pad><pad><pad><pad><pad><pad><pad><pad><pad><pad><pad><pad><pad><pad><pad><pad><pad><pad><pad><pad><pad><pad>AGAGAGAAGCAACGAAGGATCTACAGAACGTTCCTCTCCACGTGATCACT,50
RV-UML-m375,AGAGAGACCTGAAATCTCTCGTTTTACTTGGCTGTGTAGGAATTGGGGCT,1.04,AGAGAGACCTGAAATCTCTCGTTTTACTTGGCTGTGTAGGAATTGGGGCT,<pad><pad><pad><pad><pad><pad><pad><pad><pad><pad><pad><pad><pad><pad><pad><pad><pad><pad><pad><pad><pad><pad><pad><pad><pad><pad><pad><pad><pad><pad><pad><pad><pad><pad><pad><pad><pad><pad><pad><pad><pad><pad><pad><pad><pad><pad><pad><pad><pad><pad>AGAGAGACCTGAAATCTCTCGTTTTACTTGGCTGTGTAGGAATTGGGGCT,50
RV-UML-m299,AGAGAGCCCAGAGAGGACGTTTTATACCCGATTGACAGATTCCTCCCACT,1.02,AGAGAGCCCAGAGAGGACGTTTTATACCCGATTGACAGATTCCTCCCACT,<pad><pad><pad><pad><pad><pad><pad><pad><pad><pad><pad><pad><pad><pad><pad><pad><pad><pad><pad><pad><pad><pad><pad><pad><pad><pad><pad><pad><pad><pad><pad><pad><pad><pad><pad><pad><pad><pad><pad><pad><pad><pad><pad><pad><pad><pad><pad><pad><pad><pad>AGAGAGCCCAGAGAGGACGTTTTATACCCGATTGACAGATTCCTCCCACT,50
RV-UML-m311,AGAGAGCCTACAAGTCTTTACTATCAGCTGATTCGATCACTCGTCCCGCC,1.11,AGAGAGCCTACAAGTCTTTACTATCAGCTGATTCGATCACTCGTCCCGCC,<pad><pad><pad><pad><pad><pad><pad><pad><pad><pad><pad><pad><pad><pad><pad><pad><pad><pad><pad><pad><pad><pad><pad><pad><pad><pad><pad><pad><pad><pad><pad><pad><pad><pad><pad><pad><pad><pad><pad><pad><pad><pad><pad><pad><pad><pad><pad><pad><pad><pad>AGAGAGCCTACAAGTCTTTACTATCAGCTGATTCGATCACTCGTCCCGCC,50
RV-UML-m100,AGAGATTGTTGCATTGTCAGCACCACGCAATTGCAGCGCACCCGATCGCA,1.16,AGAGATTGTTGCATTGTCAGCACCACGCAATTGCAGCGCACCCGATCGCA,<pad><pad><pad><pad><pad><pad><pad><pad><pad><pad><pad><pad><pad><pad><pad><pad><pad><pad><pad><pad><pad><pad><pad><pad><pad><pad><pad><pad><pad><pad><pad><pad><pad><pad><pad><pad><pad><pad><pad><pad><pad><pad><pad><pad><pad><pad><pad><pad><pad><pad>AGAGATTGTTGCATTGTCAGCACCACGCAATTGCAGCGCACCCGATCGCA,50
RV-UML-m369,AGAGCGAGAGGAATCGCACATATCTCACACCCATACATTTACCAGTGGTC,1.03,AGAGCGAGAGGAATCGCACATATCTCACACCCATACATTTACCAGTGGTC,<pad><pad><pad><pad><pad><pad><pad><pad><pad><pad><pad><pad><pad><pad><pad><pad><pad><pad><pad><pad><pad><pad><pad><pad><pad><pad><pad><pad><pad><pad><pad><pad><pad><pad><pad><pad><pad><pad><pad><pad><pad><pad><pad><pad><pad><pad><pad><pad><pad><pad>AGAGCGAGAGGAATCGCACATATCTCACACCCATACATTTACCAGTGGTC,50
RV-UML-m085,AGAGGAGTCGAGTTATACAGCCGCAACGCTATCCTCGACGAACACAGGAA,1.02,AGAGGAGTCGAGTTATACAGCCGCAACGCTATCCTCGACGAACACAGGAA,<pad><pad><pad><pad><pad><pad><pad><pad><pad><pad><pad><pad><pad><pad><pad><pad><pad><pad><pad><pad><pad><pad><pad><pad><pad><pad><pad><pad><pad><pad><pad><pad><pad><pad><pad><pad><pad><pad><pad><pad><pad><pad><pad><pad><pad><pad><pad><pad><pad><pad>AGAGGAGTCGAGTTATACAGCCGCAACGCTATCCTCGACGAACACAGGAA,50
RV-UML-m343,AGAGGATACTATATCGTTGCTGCCGATTGGAGTCGATTGCTCTTGCAGTT,1.01,AGAGGATACTATATCGTTGCTGCCGATTGGAGTCGATTGCTCTTGCAGTT,<pad><pad><pad><pad><pad><pad><pad><pad><pad><pad><pad><pad><pad><pad><pad><pad><pad><pad><pad><pad><pad><pad><pad><pad><pad><pad><pad><pad><pad><pad><pad><pad><pad><pad><pad><pad><pad><pad><pad><pad><pad><pad><pad><pad><pad><pad><pad><pad><pad><pad>AGAGGATACTATATCGTTGCTGCCGATTGGAGTCGATTGCTCTTGCAGTT,50
RV-UML-m106,AGAGGCGCCTGAGAGGCTCTCTACCGGTGAGGGTTTGCGGGGAAG,0.65,<pad><pad><pad><pad><pad>AGAGGCGCCTGAGAGGCTCTCTACCGGTGAGGGTTTGCGGGGAAG,<pad><pad><pad><pad><pad><pad><pad><pad><pad><pad><pad><pad><pad><pad><pad><pad><pad><pad><pad><pad><pad><pad><pad><pad><pad><pad><pad><pad><pad><pad><pad><pad><pad><pad><pad><pad><pad><pad><pad><pad><pad><pad><pad><pad><pad><pad><pad><pad><pad><pad><pad><pad><pad><pad><pad>AGAGGCGCCTGAGAGGCTCTCTACCGGTGAGGGTTTGCGGGGAAG,45
RV-UML-m030,AGAGGGTTTAAGCCGCAGCCCTGGAGATCACCCCACTTCCCCAGCGCATC,1.1,AGAGGGTTTAAGCCGCAGCCCTGGAGATCACCCCACTTCCCCAGCGCATC,<pad><pad><pad><pad><pad><pad><pad><pad><pad><pad><pad><pad><pad><pad><pad><pad><pad><pad><pad><pad><pad><pad><pad><pad><pad><pad><pad><pad><pad><pad><pad><pad><pad><pad><pad><pad><pad><pad><pad><pad><pad><pad><pad><pad><pad><pad><pad><pad><pad><pad>AGAGGGTTTAAGCCGCAGCCCTGGAGATCACCCCACTTCCCCAGCGCATC,50
RV-UML-m012,AGAGGTATACTGCACCTCAGAGTACAATCCACCTCTCGAGTATCGGGGCC,1.08,AGAGGTATACTGCACCTCAGAGTACAATCCACCTCTCGAGTATCGGGGCC,<pad><pad><pad><pad><pad><pad><pad><pad><pad><pad><pad><pad><pad><pad><pad><pad><pad><pad><pad><pad><pad><pad><pad><pad><pad><pad><pad><pad><pad><pad><pad><pad><pad><pad><pad><pad><pad><pad><pad><pad><pad><pad><pad><pad><pad><pad><pad><pad><pad><pad>AGAGGTATACTGCACCTCAGAGTACAATCCACCTCTCGAGTATCGGGGCC,50
RV-UML-m052,AGAGTGGATCGCACCCAAACCTAGCCTCACACACCGGGTCTACCACCGGA,1.12,AGAGTGGATCGCACCCAAACCTAGCCTCACACACCGGGTCTACCACCGGA,<pad><pad><pad><pad><pad><pad><pad><pad><pad><pad><pad><pad><pad><pad><pad><pad><pad><pad><pad><pad><pad><pad><pad><pad><pad><pad><pad><pad><pad><pad><pad><pad><pad><pad><pad><pad><pad><pad><pad><pad><pad><pad><pad><pad><pad><pad><pad><pad><pad><pad>AGAGTGGATCGCACCCAAACCTAGCCTCACACACCGGGTCTACCACCGGA,50
RV-UML-m344,AGAGTGTTTGGAATCGCCCTTTGCGGCCCATACTCTCTTCCGGTGATCTC,0.86,AGAGTGTTTGGAATCGCCCTTTGCGGCCCATACTCTCTTCCGGTGATCTC,<pad><pad><pad><pad><pad><pad><pad><pad><pad><pad><pad><pad><pad><pad><pad><pad><pad><pad><pad><pad><pad><pad><pad><pad><pad><pad><pad><pad><pad><pad><pad><pad><pad><pad><pad><pad><pad><pad><pad><pad><pad><pad><pad><pad><pad><pad><pad><pad><pad><pad>AGAGTGTTTGGAATCGCCCTTTGCGGCCCATACTCTCTTCCGGTGATCTC,50
RV-UML-m320,AGAGTTCGTACAGACCAAGTTCATTTCAATCACGGGATACGAGCTGCACT,0.99,AGAGTTCGTACAGACCAAGTTCATTTCAATCACGGGATACGAGCTGCACT,<pad><pad><pad><pad><pad><pad><pad><pad><pad><pad><pad><pad><pad><pad><pad><pad><pad><pad><pad><pad><pad><pad><pad><pad><pad><pad><pad><pad><pad><pad><pad><pad><pad><pad><pad><pad><pad><pad><pad><pad><pad><pad><pad><pad><pad><pad><pad><pad><pad><pad>AGAGTTCGTACAGACCAAGTTCATTTCAATCACGGGATACGAGCTGCACT,50
RV-UML-m372,AGATAATCCACACCTCGAGAGACGTTTGCGAGATTACTAACCAAGGGGCC,1.09,AGATAATCCACACCTCGAGAGACGTTTGCGAGATTACTAACCAAGGGGCC,<pad><pad><pad><pad><pad><pad><pad><pad><pad><pad><pad><pad><pad><pad><pad><pad><pad><pad><pad><pad><pad><pad><pad><pad><pad><pad><pad><pad><pad><pad><pad><pad><pad><pad><pad><pad><pad><pad><pad><pad><pad><pad><pad><pad><pad><pad><pad><pad><pad><pad>AGATAATCCACACCTCGAGAGACGTTTGCGAGATTACTAACCAAGGGGCC,50
RV-UML-m015,AGATACACTCGAAACCTGTGTTAAGCATTACTTCTGCTGTAATCGGGGGC,1.13,AGATACACTCGAAACCTGTGTTAAGCATTACTTCTGCTGTAATCGGGGGC,<pad><pad><pad><pad><pad><pad><pad><pad><pad><pad><pad><pad><pad><pad><pad><pad><pad><pad><pad><pad><pad><pad><pad><pad><pad><pad><pad><pad><pad><pad><pad><pad><pad><pad><pad><pad><pad><pad><pad><pad><pad><pad><pad><pad><pad><pad><pad><pad><pad><pad>AGATACACTCGAAACCTGTGTTAAGCATTACTTCTGCTGTAATCGGGGGC,50
RV-UML-m067,AGATACCTTTGACTACCGGTATTTGCTGGGCGCTATAAGTGCAGAGACCG,0.57,AGATACCTTTGACTACCGGTATTTGCTGGGCGCTATAAGTGCAGAGACCG,<pad><pad><pad><pad><pad><pad><pad><pad><pad><pad><pad><pad><pad><pad><pad><pad><pad><pad><pad><pad><pad><pad><pad><pad><pad><pad><pad><pad><pad><pad><pad><pad><pad><pad><pad><pad><pad><pad><pad><pad><pad><pad><pad><pad><pad><pad><pad><pad><pad><pad>AGATACCTTTGACTACCGGTATTTGCTGGGCGCTATAAGTGCAGAGACCG,50
RV-UML-m048,AGATACGTCAACTGGGACTCGGATCCTTACAGAACCGAGTTATAATCTCA,1.15,AGATACGTCAACTGGGACTCGGATCCTTACAGAACCGAGTTATAATCTCA,<pad><pad><pad><pad><pad><pad><pad><pad><pad><pad><pad><pad><pad><pad><pad><pad><pad><pad><pad><pad><pad><pad><pad><pad><pad><pad><pad><pad><pad><pad><pad><pad><pad><pad><pad><pad><pad><pad><pad><pad><pad><pad><pad><pad><pad><pad><pad><pad><pad><pad>AGATACGTCAACTGGGACTCGGATCCTTACAGAACCGAGTTATAATCTCA,50
RV-UML-m365,AGATATCCTGAAGAGTTCGTTACTTTGTGGTATACACTGCTGCGAGGGCC,1.06,AGATATCCTGAAGAGTTCGTTACTTTGTGGTATACACTGCTGCGAGGGCC,<pad><pad><pad><pad><pad><pad><pad><pad><pad><pad><pad><pad><pad><pad><pad><pad><pad><pad><pad><pad><pad><pad><pad><pad><pad><pad><pad><pad><pad><pad><pad><pad><pad><pad><pad><pad><pad><pad><pad><pad><pad><pad><pad><pad><pad><pad><pad><pad><pad><pad>AGATATCCTGAAGAGTTCGTTACTTTGTGGTATACACTGCTGCGAGGGCC,50
RV-UML-m036,AGATTCAATAGGGCTTTTGGATTCTTGGATTGGTGCTACAACATCACGGT,0.95,AGATTCAATAGGGCTTTTGGATTCTTGGATTGGTGCTACAACATCACGGT,<pad><pad><pad><pad><pad><pad><pad><pad><pad><pad><pad><pad><pad><pad><pad><pad><pad><pad><pad><pad><pad><pad><pad><pad><pad><pad><pad><pad><pad><pad><pad><pad><pad><pad><pad><pad><pad><pad><pad><pad><pad><pad><pad><pad><pad><pad><pad><pad><pad><pad>AGATTCAATAGGGCTTTTGGATTCTTGGATTGGTGCTACAACATCACGGT,50
RV-UML-m374,AGATTCGGAGGAAACGAGAATTCCAAAGCATCCTTACCTCTCGTAGGGCT,1.13,AGATTCGGAGGAAACGAGAATTCCAAAGCATCCTTACCTCTCGTAGGGCT,<pad><pad><pad><pad><pad><pad><pad><pad><pad><pad><pad><pad><pad><pad><pad><pad><pad><pad><pad><pad><pad><pad><pad><pad><pad><pad><pad><pad><pad><pad><pad><pad><pad><pad><pad><pad><pad><pad><pad><pad><pad><pad><pad><pad><pad><pad><pad><pad><pad><pad>AGATTCGGAGGAAACGAGAATTCCAAAGCATCCTTACCTCTCGTAGGGCT,50
RV-UML-m069,AGATTGGCGCAAACCAGTTTCCCGAACGTTTGTCCAGAGAGGCAATACGG,1.16,AGATTGGCGCAAACCAGTTTCCCGAACGTTTGTCCAGAGAGGCAATACGG,<pad><pad><pad><pad><pad><pad><pad><pad><pad><pad><pad><pad><pad><pad><pad><pad><pad><pad><pad><pad><pad><pad><pad><pad><pad><pad><pad><pad><pad><pad><pad><pad><pad><pad><pad><pad><pad><pad><pad><pad><pad><pad><pad><pad><pad><pad><pad><pad><pad><pad>AGATTGGCGCAAACCAGTTTCCCGAACGTTTGTCCAGAGAGGCAATACGG,50
RV-UML-m292,AGATTGGTTTGGCTTTGTTTCCCACAGCGACTGCGGGATTCCGTTTCGCT,1.05,AGATTGGTTTGGCTTTGTTTCCCACAGCGACTGCGGGATTCCGTTTCGCT,<pad><pad><pad><pad><pad><pad><pad><pad><pad><pad><pad><pad><pad><pad><pad><pad><pad><pad><pad><pad><pad><pad><pad><pad><pad><pad><pad><pad><pad><pad><pad><pad><pad><pad><pad><pad><pad><pad><pad><pad><pad><pad><pad><pad><pad><pad><pad><pad><pad><pad>AGATTGGTTTGGCTTTGTTTCCCACAGCGACTGCGGGATTCCGTTTCGCT,50
RV-UML-m296,AGCAAACGGAGTTGTTTCGCATCAATCGCCTGTCAACGTCACTTGTCGGC,1.02,AGCAAACGGAGTTGTTTCGCATCAATCGCCTGTCAACGTCACTTGTCGGC,<pad><pad><pad><pad><pad><pad><pad><pad><pad><pad><pad><pad><pad><pad><pad><pad><pad><pad><pad><pad><pad><pad><pad><pad><pad><pad><pad><pad><pad><pad><pad><pad><pad><pad><pad><pad><pad><pad><pad><pad><pad><pad><pad><pad><pad><pad><pad><pad><pad><pad>AGCAAACGGAGTTGTTTCGCATCAATCGCCTGTCAACGTCACTTGTCGGC,50
RV-UML-m073,AGCAAACGTAGGGGGATACTGCGCGTCCATAAAATCCTCTCAACGTTGCA,0.98,AGCAAACGTAGGGGGATACTGCGCGTCCATAAAATCCTCTCAACGTTGCA,<pad><pad><pad><pad><pad><pad><pad><pad><pad><pad><pad><pad><pad><pad><pad><pad><pad><pad><pad><pad><pad><pad><pad><pad><pad><pad><pad><pad><pad><pad><pad><pad><pad><pad><pad><pad><pad><pad><pad><pad><pad><pad><pad><pad><pad><pad><pad><pad><pad><pad>AGCAAACGTAGGGGGATACTGCGCGTCCATAAAATCCTCTCAACGTTGCA,50
RV-UML-m081,AGCAATCGTTAGTTCGCAAAAGCACCTAGCTCCGGACATTTCCTCCCACT,1.03,AGCAATCGTTAGTTCGCAAAAGCACCTAGCTCCGGACATTTCCTCCCACT,<pad><pad><pad><pad><pad><pad><pad><pad><pad><pad><pad><pad><pad><pad><pad><pad><pad><pad><pad><pad><pad><pad><pad><pad><pad><pad><pad><pad><pad><pad><pad><pad><pad><pad><pad><pad><pad><pad><pad><pad><pad><pad><pad><pad><pad><pad><pad><pad><pad><pad>AGCAATCGTTAGTTCGCAAAAGCACCTAGCTCCGGACATTTCCTCCCACT,50
RV-UML-m099,AGCAATTCCGCGAAATCACTTACCTTCTTACTTGGTCATTGCCAGAACCA,1.12,AGCAATTCCGCGAAATCACTTACCTTCTTACTTGGTCATTGCCAGAACCA,<pad><pad><pad><pad><pad><pad><pad><pad><pad><pad><pad><pad><pad><pad><pad><pad><pad><pad><pad><pad><pad><pad><pad><pad><pad><pad><pad><pad><pad><pad><pad><pad><pad><pad><pad><pad><pad><pad><pad><pad><pad><pad><pad><pad><pad><pad><pad><pad><pad><pad>AGCAATTCCGCGAAATCACTTACCTTCTTACTTGGTCATTGCCAGAACCA,50
RV-UML-m087,AGCACATATCGGACTGATCTGCATCTTCACACATCTGCCGAGGCGAGGTG,1.1,AGCACATATCGGACTGATCTGCATCTTCACACATCTGCCGAGGCGAGGTG,<pad><pad><pad><pad><pad><pad><pad><pad><pad><pad><pad><pad><pad><pad><pad><pad><pad><pad><pad><pad><pad><pad><pad><pad><pad><pad><pad><pad><pad><pad><pad><pad><pad><pad><pad><pad><pad><pad><pad><pad><pad><pad><pad><pad><pad><pad><pad><pad><pad><pad>AGCACATATCGGACTGATCTGCATCTTCACACATCTGCCGAGGCGAGGTG,50
RV-UML-m352,AGCACCTATAGTTCGGGTATTGTAAGGTCGCGATCCTTCCATCGCAAGCT,1.0,AGCACCTATAGTTCGGGTATTGTAAGGTCGCGATCCTTCCATCGCAAGCT,<pad><pad><pad><pad><pad><pad><pad><pad><pad><pad><pad><pad><pad><pad><pad><pad><pad><pad><pad><pad><pad><pad><pad><pad><pad><pad><pad><pad><pad><pad><pad><pad><pad><pad><pad><pad><pad><pad><pad><pad><pad><pad><pad><pad><pad><pad><pad><pad><pad><pad>AGCACCTATAGTTCGGGTATTGTAAGGTCGCGATCCTTCCATCGCAAGCT,50
RV-UML-m341,AGCACCTTAGCTTACCGAAGAGTTGTACCTTCTCTCGCTACCTAGCGCAA,1.01,AGCACCTTAGCTTACCGAAGAGTTGTACCTTCTCTCGCTACCTAGCGCAA,<pad><pad><pad><pad><pad><pad><pad><pad><pad><pad><pad><pad><pad><pad><pad><pad><pad><pad><pad><pad><pad><pad><pad><pad><pad><pad><pad><pad><pad><pad><pad><pad><pad><pad><pad><pad><pad><pad><pad><pad><pad><pad><pad><pad><pad><pad><pad><pad><pad><pad>AGCACCTTAGCTTACCGAAGAGTTGTACCTTCTCTCGCTACCTAGCGCAA,50
RV-UML-m011,AGCAGAGGATAAATTTGGAGAGATTCCGTATTCTGCATCACCAAATTGTA,1.1,AGCAGAGGATAAATTTGGAGAGATTCCGTATTCTGCATCACCAAATTGTA,<pad><pad><pad><pad><pad><pad><pad><pad><pad><pad><pad><pad><pad><pad><pad><pad><pad><pad><pad><pad><pad><pad><pad><pad><pad><pad><pad><pad><pad><pad><pad><pad><pad><pad><pad><pad><pad><pad><pad><pad><pad><pad><pad><pad><pad><pad><pad><pad><pad><pad>AGCAGAGGATAAATTTGGAGAGATTCCGTATTCTGCATCACCAAATTGTA,50
RV-UML-m098,AGCAGCGTTTTTATTCTCTCTATATTATATCACAGACGTTCAACGTAAAA,1.06,AGCAGCGTTTTTATTCTCTCTATATTATATCACAGACGTTCAACGTAAAA,<pad><pad><pad><pad><pad><pad><pad><pad><pad><pad><pad><pad><pad><pad><pad><pad><pad><pad><pad><pad><pad><pad><pad><pad><pad><pad><pad><pad><pad><pad><pad><pad><pad><pad><pad><pad><pad><pad><pad><pad><pad><pad><pad><pad><pad><pad><pad><pad><pad><pad>AGCAGCGTTTTTATTCTCTCTATATTATATCACAGACGTTCAACGTAAAA,50
RV-UML-m317,AGCATAGTTAGAGCTTCTTCTCATCTGTTATCGCGATCGTACCTCCCGCT,1.1,AGCATAGTTAGAGCTTCTTCTCATCTGTTATCGCGATCGTACCTCCCGCT,<pad><pad><pad><pad><pad><pad><pad><pad><pad><pad><pad><pad><pad><pad><pad><pad><pad><pad><pad><pad><pad><pad><pad><pad><pad><pad><pad><pad><pad><pad><pad><pad><pad><pad><pad><pad><pad><pad><pad><pad><pad><pad><pad><pad><pad><pad><pad><pad><pad><pad>AGCATAGTTAGAGCTTCTTCTCATCTGTTATCGCGATCGTACCTCCCGCT,50
RV-UML-m307,AGCATCCGATTGCCCTCCTATTACTTGGGACCAGATATCCCTTCAACGTC,0.91,AGCATCCGATTGCCCTCCTATTACTTGGGACCAGATATCCCTTCAACGTC,<pad><pad><pad><pad><pad><pad><pad><pad><pad><pad><pad><pad><pad><pad><pad><pad><pad><pad><pad><pad><pad><pad><pad><pad><pad><pad><pad><pad><pad><pad><pad><pad><pad><pad><pad><pad><pad><pad><pad><pad><pad><pad><pad><pad><pad><pad><pad><pad><pad><pad>AGCATCCGATTGCCCTCCTATTACTTGGGACCAGATATCCCTTCAACGTC,50
RV-UML-m294,AGCATCGTTTCTGCATTAAGAGAAAACTTTGTCTGCAAGGACAGCCGGGG,1.14,AGCATCGTTTCTGCATTAAGAGAAAACTTTGTCTGCAAGGACAGCCGGGG,<pad><pad><pad><pad><pad><pad><pad><pad><pad><pad><pad><pad><pad><pad><pad><pad><pad><pad><pad><pad><pad><pad><pad><pad><pad><pad><pad><pad><pad><pad><pad><pad><pad><pad><pad><pad><pad><pad><pad><pad><pad><pad><pad><pad><pad><pad><pad><pad><pad><pad>AGCATCGTTTCTGCATTAAGAGAAAACTTTGTCTGCAAGGACAGCCGGGG,50
RV-UML-m313,AGCCAAACTTCGGCTATTCTGCGGTACCCTACCCAACGAGATCTCGAACA,1.15,AGCCAAACTTCGGCTATTCTGCGGTACCCTACCCAACGAGATCTCGAACA,<pad><pad><pad><pad><pad><pad><pad><pad><pad><pad><pad><pad><pad><pad><pad><pad><pad><pad><pad><pad><pad><pad><pad><pad><pad><pad><pad><pad><pad><pad><pad><pad><pad><pad><pad><pad><pad><pad><pad><pad><pad><pad><pad><pad><pad><pad><pad><pad><pad><pad>AGCCAAACTTCGGCTATTCTGCGGTACCCTACCCAACGAGATCTCGAACA,50
RV-UML-m047,AGCCAATTTCGACGGAATCGAGCGTTGGAGTTCACCTCCAATACGTCATC,1.12,AGCCAATTTCGACGGAATCGAGCGTTGGAGTTCACCTCCAATACGTCATC,<pad><pad><pad><pad><pad><pad><pad><pad><pad><pad><pad><pad><pad><pad><pad><pad><pad><pad><pad><pad><pad><pad><pad><pad><pad><pad><pad><pad><pad><pad><pad><pad><pad><pad><pad><pad><pad><pad><pad><pad><pad><pad><pad><pad><pad><pad><pad><pad><pad><pad>AGCCAATTTCGACGGAATCGAGCGTTGGAGTTCACCTCCAATACGTCATC,50
RV-UML-m045,AGCCAGTTTCGCTTGGCTCAACCAGCCCATATACAAAGACCCCGACGGCT,0.51,AGCCAGTTTCGCTTGGCTCAACCAGCCCATATACAAAGACCCCGACGGCT,<pad><pad><pad><pad><pad><pad><pad><pad><pad><pad><pad><pad><pad><pad><pad><pad><pad><pad><pad><pad><pad><pad><pad><pad><pad><pad><pad><pad><pad><pad><pad><pad><pad><pad><pad><pad><pad><pad><pad><pad><pad><pad><pad><pad><pad><pad><pad><pad><pad><pad>AGCCAGTTTCGCTTGGCTCAACCAGCCCATATACAAAGACCCCGACGGCT,50
RV-UML-m318,AGCCCTTACACGAATTCTCGAAAATCGTGCTTCAAGAAACGTACAACGGC,1.23,AGCCCTTACACGAATTCTCGAAAATCGTGCTTCAAGAAACGTACAACGGC,<pad><pad><pad><pad><pad><pad><pad><pad><pad><pad><pad><pad><pad><pad><pad><pad><pad><pad><pad><pad><pad><pad><pad><pad><pad><pad><pad><pad><pad><pad><pad><pad><pad><pad><pad><pad><pad><pad><pad><pad><pad><pad><pad><pad><pad><pad><pad><pad><pad><pad>AGCCCTTACACGAATTCTCGAAAATCGTGCTTCAAGAAACGTACAACGGC,50
RV-UML-m029,AGCCGCAGATCGCTGGATCCTGTCACCGAGCCCTTCGGTGCTACAGGTTA,0.6,AGCCGCAGATCGCTGGATCCTGTCACCGAGCCCTTCGGTGCTACAGGTTA,<pad><pad><pad><pad><pad><pad><pad><pad><pad><pad><pad><pad><pad><pad><pad><pad><pad><pad><pad><pad><pad><pad><pad><pad><pad><pad><pad><pad><pad><pad><pad><pad><pad><pad><pad><pad><pad><pad><pad><pad><pad><pad><pad><pad><pad><pad><pad><pad><pad><pad>AGCCGCAGATCGCTGGATCCTGTCACCGAGCCCTTCGGTGCTACAGGTTA,50
RV-UML-m283,AGCCGCAGCAAGAGAGCGAGTGATTACAGAGCGATCTTTGTGCAAAAGCT,1.12,AGCCGCAGCAAGAGAGCGAGTGATTACAGAGCGATCTTTGTGCAAAAGCT,<pad><pad><pad><pad><pad><pad><pad><pad><pad><pad><pad><pad><pad><pad><pad><pad><pad><pad><pad><pad><pad><pad><pad><pad><pad><pad><pad><pad><pad><pad><pad><pad><pad><pad><pad><pad><pad><pad><pad><pad><pad><pad><pad><pad><pad><pad><pad><pad><pad><pad>AGCCGCAGCAAGAGAGCGAGTGATTACAGAGCGATCTTTGTGCAAAAGCT,50
RV-UML-m038,AGCCGGAACACGGTATCTGTGCGTTCGTAATCAGTACTAACTCTATCCAG,1.19,AGCCGGAACACGGTATCTGTGCGTTCGTAATCAGTACTAACTCTATCCAG,<pad><pad><pad><pad><pad><pad><pad><pad><pad><pad><pad><pad><pad><pad><pad><pad><pad><pad><pad><pad><pad><pad><pad><pad><pad><pad><pad><pad><pad><pad><pad><pad><pad><pad><pad><pad><pad><pad><pad><pad><pad><pad><pad><pad><pad><pad><pad><pad><pad><pad>AGCCGGAACACGGTATCTGTGCGTTCGTAATCAGTACTAACTCTATCCAG,50
RV-UML-m322,AGCCGGTAGATTGGCTAATTCGGAGAAAGGACCATCTCGAGTACGCGAAA,1.02,AGCCGGTAGATTGGCTAATTCGGAGAAAGGACCATCTCGAGTACGCGAAA,<pad><pad><pad><pad><pad><pad><pad><pad><pad><pad><pad><pad><pad><pad><pad><pad><pad><pad><pad><pad><pad><pad><pad><pad><pad><pad><pad><pad><pad><pad><pad><pad><pad><pad><pad><pad><pad><pad><pad><pad><pad><pad><pad><pad><pad><pad><pad><pad><pad><pad>AGCCGGTAGATTGGCTAATTCGGAGAAAGGACCATCTCGAGTACGCGAAA,50
RV-UML-m070,AGCCTCCATCCTGTAGTTCATAATTCCACACAGACAACAACGTGCCGAGG,0.97,AGCCTCCATCCTGTAGTTCATAATTCCACACAGACAACAACGTGCCGAGG,<pad><pad><pad><pad><pad><pad><pad><pad><pad><pad><pad><pad><pad><pad><pad><pad><pad><pad><pad><pad><pad><pad><pad><pad><pad><pad><pad><pad><pad><pad><pad><pad><pad><pad><pad><pad><pad><pad><pad><pad><pad><pad><pad><pad><pad><pad><pad><pad><pad><pad>AGCCTCCATCCTGTAGTTCATAATTCCACACAGACAACAACGTGCCGAGG,50
RV-UML-m022,AGCCTTCACTCGATTCCTGGGAATTGTCACGAACTTATCTTCCGGTGAGC,0.99,AGCCTTCACTCGATTCCTGGGAATTGTCACGAACTTATCTTCCGGTGAGC,<pad><pad><pad><pad><pad><pad><pad><pad><pad><pad><pad><pad><pad><pad><pad><pad><pad><pad><pad><pad><pad><pad><pad><pad><pad><pad><pad><pad><pad><pad><pad><pad><pad><pad><pad><pad><pad><pad><pad><pad><pad><pad><pad><pad><pad><pad><pad><pad><pad><pad>AGCCTTCACTCGATTCCTGGGAATTGTCACGAACTTATCTTCCGGTGAGC,50
RV-UML-m348,AGCCTTCGCACAATACTCGCGCGTCCTAAGCAAAATCGGAACAAGTACTG,1.21,AGCCTTCGCACAATACTCGCGCGTCCTAAGCAAAATCGGAACAAGTACTG,<pad><pad><pad><pad><pad><pad><pad><pad><pad><pad><pad><pad><pad><pad><pad><pad><pad><pad><pad><pad><pad><pad><pad><pad><pad><pad><pad><pad><pad><pad><pad><pad><pad><pad><pad><pad><pad><pad><pad><pad><pad><pad><pad><pad><pad><pad><pad><pad><pad><pad>AGCCTTCGCACAATACTCGCGCGTCCTAAGCAAAATCGGAACAAGTACTG,50
RV-UML-m090,AGCGAGACCTATCGAAGGGTTTATCCAGTTTCCTAGTGGTCAAGTCGCAA,1.1,AGCGAGACCTATCGAAGGGTTTATCCAGTTTCCTAGTGGTCAAGTCGCAA,<pad><pad><pad><pad><pad><pad><pad><pad><pad><pad><pad><pad><pad><pad><pad><pad><pad><pad><pad><pad><pad><pad><pad><pad><pad><pad><pad><pad><pad><pad><pad><pad><pad><pad><pad><pad><pad><pad><pad><pad><pad><pad><pad><pad><pad><pad><pad><pad><pad><pad>AGCGAGACCTATCGAAGGGTTTATCCAGTTTCCTAGTGGTCAAGTCGCAA,50
RV-UML-m289,AGCGATCCGTGATTTCTGCGTTCCAGTAGATTTCAGATAGGCCTTTCGAT,1.1,AGCGATCCGTGATTTCTGCGTTCCAGTAGATTTCAGATAGGCCTTTCGAT,<pad><pad><pad><pad><pad><pad><pad><pad><pad><pad><pad><pad><pad><pad><pad><pad><pad><pad><pad><pad><pad><pad><pad><pad><pad><pad><pad><pad><pad><pad><pad><pad><pad><pad><pad><pad><pad><pad><pad><pad><pad><pad><pad><pad><pad><pad><pad><pad><pad><pad>AGCGATCCGTGATTTCTGCGTTCCAGTAGATTTCAGATAGGCCTTTCGAT,50
RV-UML-m332,AGCGCGACATATTATCAGAGCTTGTCAGATATCTCGTTGCGAGAGCCCAC,1.0,AGCGCGACATATTATCAGAGCTTGTCAGATATCTCGTTGCGAGAGCCCAC,<pad><pad><pad><pad><pad><pad><pad><pad><pad><pad><pad><pad><pad><pad><pad><pad><pad><pad><pad><pad><pad><pad><pad><pad><pad><pad><pad><pad><pad><pad><pad><pad><pad><pad><pad><pad><pad><pad><pad><pad><pad><pad><pad><pad><pad><pad><pad><pad><pad><pad>AGCGCGACATATTATCAGAGCTTGTCAGATATCTCGTTGCGAGAGCCCAC,50
RV-UML-m010,AGCGGATCTATCTACTTGGACGGATCAATTCAAACGATTACCTGAGGGCC,1.02,AGCGGATCTATCTACTTGGACGGATCAATTCAAACGATTACCTGAGGGCC,<pad><pad><pad><pad><pad><pad><pad><pad><pad><pad><pad><pad><pad><pad><pad><pad><pad><pad><pad><pad><pad><pad><pad><pad><pad><pad><pad><pad><pad><pad><pad><pad><pad><pad><pad><pad><pad><pad><pad><pad><pad><pad><pad><pad><pad><pad><pad><pad><pad><pad>AGCGGATCTATCTACTTGGACGGATCAATTCAAACGATTACCTGAGGGCC,50
RV-UML-m077,AGCGTACCGTAAAATACACTGTACATTACACACCAAAAAAGGGGCGCAAC,1.02,AGCGTACCGTAAAATACACTGTACATTACACACCAAAAAAGGGGCGCAAC,<pad><pad><pad><pad><pad><pad><pad><pad><pad><pad><pad><pad><pad><pad><pad><pad><pad><pad><pad><pad><pad><pad><pad><pad><pad><pad><pad><pad><pad><pad><pad><pad><pad><pad><pad><pad><pad><pad><pad><pad><pad><pad><pad><pad><pad><pad><pad><pad><pad><pad>AGCGTACCGTAAAATACACTGTACATTACACACCAAAAAAGGGGCGCAAC,50
RV-UML-m368,AGCGTCATACCAGACTTGCTGTGTGACTGAGTTGACCCACGTACTACGAC,1.0,AGCGTCATACCAGACTTGCTGTGTGACTGAGTTGACCCACGTACTACGAC,<pad><pad><pad><pad><pad><pad><pad><pad><pad><pad><pad><pad><pad><pad><pad><pad><pad><pad><pad><pad><pad><pad><pad><pad><pad><pad><pad><pad><pad><pad><pad><pad><pad><pad><pad><pad><pad><pad><pad><pad><pad><pad><pad><pad><pad><pad><pad><pad><pad><pad>AGCGTCATACCAGACTTGCTGTGTGACTGAGTTGACCCACGTACTACGAC,50
RV-UML-m066,AGCGTGCTACGCATAGCGAATAAACAGCCACCATCGAAAACCCGTACGCT,1.07,AGCGTGCTACGCATAGCGAATAAACAGCCACCATCGAAAACCCGTACGCT,<pad><pad><pad><pad><pad><pad><pad><pad><pad><pad><pad><pad><pad><pad><pad><pad><pad><pad><pad><pad><pad><pad><pad><pad><pad><pad><pad><pad><pad><pad><pad><pad><pad><pad><pad><pad><pad><pad><pad><pad><pad><pad><pad><pad><pad><pad><pad><pad><pad><pad>AGCGTGCTACGCATAGCGAATAAACAGCCACCATCGAAAACCCGTACGCT,50
RV-UML-m278,AGCGTTACTGCCTTCCTCTGGATATTATCCTTCTCTGCATCCGCTGTACA,1.06,AGCGTTACTGCCTTCCTCTGGATATTATCCTTCTCTGCATCCGCTGTACA,<pad><pad><pad><pad><pad><pad><pad><pad><pad><pad><pad><pad><pad><pad><pad><pad><pad><pad><pad><pad><pad><pad><pad><pad><pad><pad><pad><pad><pad><pad><pad><pad><pad><pad><pad><pad><pad><pad><pad><pad><pad><pad><pad><pad><pad><pad><pad><pad><pad><pad>AGCGTTACTGCCTTCCTCTGGATATTATCCTTCTCTGCATCCGCTGTACA,50
RV-UML-m062,AGCGTTATCCTTTCGTTTTTCGGGAGATCCGAGCAGACCACCATCCGGCC,1.04,AGCGTTATCCTTTCGTTTTTCGGGAGATCCGAGCAGACCACCATCCGGCC,<pad><pad><pad><pad><pad><pad><pad><pad><pad><pad><pad><pad><pad><pad><pad><pad><pad><pad><pad><pad><pad><pad><pad><pad><pad><pad><pad><pad><pad><pad><pad><pad><pad><pad><pad><pad><pad><pad><pad><pad><pad><pad><pad><pad><pad><pad><pad><pad><pad><pad>AGCGTTATCCTTTCGTTTTTCGGGAGATCCGAGCAGACCACCATCCGGCC,50
RV-UML-m034,AGCGTTGTGCGGATTCCTGCGATACAAGCCGCCGCATATACAGCGCAGCT,0.63,AGCGTTGTGCGGATTCCTGCGATACAAGCCGCCGCATATACAGCGCAGCT,<pad><pad><pad><pad><pad><pad><pad><pad><pad><pad><pad><pad><pad><pad><pad><pad><pad><pad><pad><pad><pad><pad><pad><pad><pad><pad><pad><pad><pad><pad><pad><pad><pad><pad><pad><pad><pad><pad><pad><pad><pad><pad><pad><pad><pad><pad><pad><pad><pad><pad>AGCGTTGTGCGGATTCCTGCGATACAAGCCGCCGCATATACAGCGCAGCT,50
RV-UML-m082,AGCGTTTCTATTTTCGCAGTTTCGGATCTGCCTTTTCGCGGATTTATATC,0.52,AGCGTTTCTATTTTCGCAGTTTCGGATCTGCCTTTTCGCGGATTTATATC,<pad><pad><pad><pad><pad><pad><pad><pad><pad><pad><pad><pad><pad><pad><pad><pad><pad><pad><pad><pad><pad><pad><pad><pad><pad><pad><pad><pad><pad><pad><pad><pad><pad><pad><pad><pad><pad><pad><pad><pad><pad><pad><pad><pad><pad><pad><pad><pad><pad><pad>AGCGTTTCTATTTTCGCAGTTTCGGATCTGCCTTTTCGCGGATTTATATC,50
RV-UML-m114,AGCGTTTTGCAGACGCCACCGCCGAGGAAAACCGTGTACTATTAGCC,0.91,<pad><pad><pad>AGCGTTTTGCAGACGCCACCGCCGAGGAAAACCGTGTACTATTAGCC,<pad><pad><pad><pad><pad><pad><pad><pad><pad><pad><pad><pad><pad><pad><pad><pad><pad><pad><pad><pad><pad><pad><pad><pad><pad><pad><pad><pad><pad><pad><pad><pad><pad><pad><pad><pad><pad><pad><pad><pad><pad><pad><pad><pad><pad><pad><pad><pad><pad><pad><pad><pad><pad>AGCGTTTTGCAGACGCCACCGCCGAGGAAAACCGTGTACTATTAGCC,47
RV-UML-m104,AGCTCTCCGCCAGACCGCCGCCGCGCCGCCATC,1.01,<pad><pad><pad><pad><pad><pad><pad><pad><pad><pad><pad><pad><pad><pad><pad><pad><pad>AGCTCTCCGCCAGACCGCCGCCGCGCCGCCATC,<pad><pad><pad><pad><pad><pad><pad><pad><pad><pad><pad><pad><pad><pad><pad><pad><pad><pad><pad><pad><pad><pad><pad><pad><pad><pad><pad><pad><pad><pad><pad><pad><pad><pad><pad><pad><pad><pad><pad><pad><pad><pad><pad><pad><pad><pad><pad><pad><pad><pad><pad><pad><pad><pad><pad><pad><pad><pad><pad><pad><pad><pad><pad><pad><pad><pad><pad>AGCTCTCCGCCAGACCGCCGCCGCGCCGCCATC,33
RV-UML-m357,AGCTCTCGTTGGCAAACACCCTGTGAGAATCGACCCCGGTCTATCCGATC,1.04,AGCTCTCGTTGGCAAACACCCTGTGAGAATCGACCCCGGTCTATCCGATC,<pad><pad><pad><pad><pad><pad><pad><pad><pad><pad><pad><pad><pad><pad><pad><pad><pad><pad><pad><pad><pad><pad><pad><pad><pad><pad><pad><pad><pad><pad><pad><pad><pad><pad><pad><pad><pad><pad><pad><pad><pad><pad><pad><pad><pad><pad><pad><pad><pad><pad>AGCTCTCGTTGGCAAACACCCTGTGAGAATCGACCCCGGTCTATCCGATC,50
RV-UML-m097,AGCTCTTGCACTACCGATCCCAAAGGACGCCTATTGCAGCATAGTGCATT,0.99,AGCTCTTGCACTACCGATCCCAAAGGACGCCTATTGCAGCATAGTGCATT,<pad><pad><pad><pad><pad><pad><pad><pad><pad><pad><pad><pad><pad><pad><pad><pad><pad><pad><pad><pad><pad><pad><pad><pad><pad><pad><pad><pad><pad><pad><pad><pad><pad><pad><pad><pad><pad><pad><pad><pad><pad><pad><pad><pad><pad><pad><pad><pad><pad><pad>AGCTCTTGCACTACCGATCCCAAAGGACGCCTATTGCAGCATAGTGCATT,50
RV-UML-m321,AGCTGACTGGTCAAACAACGCAACCAGCGATTCACGGTTTTCCTGTCGCA,1.02,AGCTGACTGGTCAAACAACGCAACCAGCGATTCACGGTTTTCCTGTCGCA,<pad><pad><pad><pad><pad><pad><pad><pad><pad><pad><pad><pad><pad><pad><pad><pad><pad><pad><pad><pad><pad><pad><pad><pad><pad><pad><pad><pad><pad><pad><pad><pad><pad><pad><pad><pad><pad><pad><pad><pad><pad><pad><pad><pad><pad><pad><pad><pad><pad><pad>AGCTGACTGGTCAAACAACGCAACCAGCGATTCACGGTTTTCCTGTCGCA,50
RV-UML-m305,AGCTGCCCAAATTCTCGTTATTTCTTCACCTTCCAGAACCTCCCGATCCA,1.14,AGCTGCCCAAATTCTCGTTATTTCTTCACCTTCCAGAACCTCCCGATCCA,<pad><pad><pad><pad><pad><pad><pad><pad><pad><pad><pad><pad><pad><pad><pad><pad><pad><pad><pad><pad><pad><pad><pad><pad><pad><pad><pad><pad><pad><pad><pad><pad><pad><pad><pad><pad><pad><pad><pad><pad><pad><pad><pad><pad><pad><pad><pad><pad><pad><pad>AGCTGCCCAAATTCTCGTTATTTCTTCACCTTCCAGAACCTCCCGATCCA,50
RV-UML-m288,AGCTTAAGTGTTTCCGCTATTCTTGTTGTCTGCTTTACTTGACGGGCGAC,1.12,AGCTTAAGTGTTTCCGCTATTCTTGTTGTCTGCTTTACTTGACGGGCGAC,<pad><pad><pad><pad><pad><pad><pad><pad><pad><pad><pad><pad><pad><pad><pad><pad><pad><pad><pad><pad><pad><pad><pad><pad><pad><pad><pad><pad><pad><pad><pad><pad><pad><pad><pad><pad><pad><pad><pad><pad><pad><pad><pad><pad><pad><pad><pad><pad><pad><pad>AGCTTAAGTGTTTCCGCTATTCTTGTTGTCTGCTTTACTTGACGGGCGAC,50
RV-UML-m293,AGCTTGAATTCCGTTTTACCGAAAATCTTGGTCAAACGACGGCCGGCTTA,1.1,AGCTTGAATTCCGTTTTACCGAAAATCTTGGTCAAACGACGGCCGGCTTA,<pad><pad><pad><pad><pad><pad><pad><pad><pad><pad><pad><pad><pad><pad><pad><pad><pad><pad><pad><pad><pad><pad><pad><pad><pad><pad><pad><pad><pad><pad><pad><pad><pad><pad><pad><pad><pad><pad><pad><pad><pad><pad><pad><pad><pad><pad><pad><pad><pad><pad>AGCTTGAATTCCGTTTTACCGAAAATCTTGGTCAAACGACGGCCGGCTTA,50
RV-UML-m327,AGCTTGGAAAACAGCGCTCACAGAATTCTTAGACACTGCACGTCCCGCCC,1.09,AGCTTGGAAAACAGCGCTCACAGAATTCTTAGACACTGCACGTCCCGCCC,<pad><pad><pad><pad><pad><pad><pad><pad><pad><pad><pad><pad><pad><pad><pad><pad><pad><pad><pad><pad><pad><pad><pad><pad><pad><pad><pad><pad><pad><pad><pad><pad><pad><pad><pad><pad><pad><pad><pad><pad><pad><pad><pad><pad><pad><pad><pad><pad><pad><pad>AGCTTGGAAAACAGCGCTCACAGAATTCTTAGACACTGCACGTCCCGCCC,50
RV-UML-m298,AGCTTGGACCCAACGTAAGAATCAGTCTTTGCGTTGCTAGGACAAAAGCT,0.93,AGCTTGGACCCAACGTAAGAATCAGTCTTTGCGTTGCTAGGACAAAAGCT,<pad><pad><pad><pad><pad><pad><pad><pad><pad><pad><pad><pad><pad><pad><pad><pad><pad><pad><pad><pad><pad><pad><pad><pad><pad><pad><pad><pad><pad><pad><pad><pad><pad><pad><pad><pad><pad><pad><pad><pad><pad><pad><pad><pad><pad><pad><pad><pad><pad><pad>AGCTTGGACCCAACGTAAGAATCAGTCTTTGCGTTGCTAGGACAAAAGCT,50
RV-UML-m303,AGGAAAATCCGGAAACCGGAAATTAACCGAGTGTCTTCAGCTCACTGAGC,1.15,AGGAAAATCCGGAAACCGGAAATTAACCGAGTGTCTTCAGCTCACTGAGC,<pad><pad><pad><pad><pad><pad><pad><pad><pad><pad><pad><pad><pad><pad><pad><pad><pad><pad><pad><pad><pad><pad><pad><pad><pad><pad><pad><pad><pad><pad><pad><pad><pad><pad><pad><pad><pad><pad><pad><pad><pad><pad><pad><pad><pad><pad><pad><pad><pad><pad>AGGAAAATCCGGAAACCGGAAATTAACCGAGTGTCTTCAGCTCACTGAGC,50
RV-UML-m342,AGGAAACATACAGATTCCGATTCAAGAGCTGCACGGACTACGTGTACGAT,1.06,AGGAAACATACAGATTCCGATTCAAGAGCTGCACGGACTACGTGTACGAT,<pad><pad><pad><pad><pad><pad><pad><pad><pad><pad><pad><pad><pad><pad><pad><pad><pad><pad><pad><pad><pad><pad><pad><pad><pad><pad><pad><pad><pad><pad><pad><pad><pad><pad><pad><pad><pad><pad><pad><pad><pad><pad><pad><pad><pad><pad><pad><pad><pad><pad>AGGAAACATACAGATTCCGATTCAAGAGCTGCACGGACTACGTGTACGAT,50
RV-UML-m071,AGGAAACCTTCCTCCACAAATCGACACACCGAAACAAAATCGCGGACACG,1.11,AGGAAACCTTCCTCCACAAATCGACACACCGAAACAAAATCGCGGACACG,<pad><pad><pad><pad><pad><pad><pad><pad><pad><pad><pad><pad><pad><pad><pad><pad><pad><pad><pad><pad><pad><pad><pad><pad><pad><pad><pad><pad><pad><pad><pad><pad><pad><pad><pad><pad><pad><pad><pad><pad><pad><pad><pad><pad><pad><pad><pad><pad><pad><pad>AGGAAACCTTCCTCCACAAATCGACACACCGAAACAAAATCGCGGACACG,50
RV-UML-m308,AGGAAAGAATCTTATCACTGCCACACCGTTTCCGTGGTTACCTCCGCATC,1.0,AGGAAAGAATCTTATCACTGCCACACCGTTTCCGTGGTTACCTCCGCATC,<pad><pad><pad><pad><pad><pad><pad><pad><pad><pad><pad><pad><pad><pad><pad><pad><pad><pad><pad><pad><pad><pad><pad><pad><pad><pad><pad><pad><pad><pad><pad><pad><pad><pad><pad><pad><pad><pad><pad><pad><pad><pad><pad><pad><pad><pad><pad><pad><pad><pad>AGGAAAGAATCTTATCACTGCCACACCGTTTCCGTGGTTACCTCCGCATC,50
RV-UML-m371,AGGAAATCCTACCGCAACGCAGAGCGTAGATAACTAGTCTCTTCGAAGTC,1.13,AGGAAATCCTACCGCAACGCAGAGCGTAGATAACTAGTCTCTTCGAAGTC,<pad><pad><pad><pad><pad><pad><pad><pad><pad><pad><pad><pad><pad><pad><pad><pad><pad><pad><pad><pad><pad><pad><pad><pad><pad><pad><pad><pad><pad><pad><pad><pad><pad><pad><pad><pad><pad><pad><pad><pad><pad><pad><pad><pad><pad><pad><pad><pad><pad><pad>AGGAAATCCTACCGCAACGCAGAGCGTAGATAACTAGTCTCTTCGAAGTC,50
RV-UML-m281,AGGAAATTCAGGAAGAATTTTCCTCCTCTACAGAACTCGTCTGGTCCGTC,1.14,AGGAAATTCAGGAAGAATTTTCCTCCTCTACAGAACTCGTCTGGTCCGTC,<pad><pad><pad><pad><pad><pad><pad><pad><pad><pad><pad><pad><pad><pad><pad><pad><pad><pad><pad><pad><pad><pad><pad><pad><pad><pad><pad><pad><pad><pad><pad><pad><pad><pad><pad><pad><pad><pad><pad><pad><pad><pad><pad><pad><pad><pad><pad><pad><pad><pad>AGGAAATTCAGGAAGAATTTTCCTCCTCTACAGAACTCGTCTGGTCCGTC,50
RV-UML-m031,AGGAACGTACCCTAATCAGCGTTACCACCCTTCATACACCGACGTTATTC,1.07,AGGAACGTACCCTAATCAGCGTTACCACCCTTCATACACCGACGTTATTC,<pad><pad><pad><pad><pad><pad><pad><pad><pad><pad><pad><pad><pad><pad><pad><pad><pad><pad><pad><pad><pad><pad><pad><pad><pad><pad><pad><pad><pad><pad><pad><pad><pad><pad><pad><pad><pad><pad><pad><pad><pad><pad><pad><pad><pad><pad><pad><pad><pad><pad>AGGAACGTACCCTAATCAGCGTTACCACCCTTCATACACCGACGTTATTC,50
RV-UML-m054,AGGACCCCACCCTTCGATTTTGTGGGAAACCATATCAGATATTCACTGCC,1.04,AGGACCCCACCCTTCGATTTTGTGGGAAACCATATCAGATATTCACTGCC,<pad><pad><pad><pad><pad><pad><pad><pad><pad><pad><pad><pad><pad><pad><pad><pad><pad><pad><pad><pad><pad><pad><pad><pad><pad><pad><pad><pad><pad><pad><pad><pad><pad><pad><pad><pad><pad><pad><pad><pad><pad><pad><pad><pad><pad><pad><pad><pad><pad><pad>AGGACCCCACCCTTCGATTTTGTGGGAAACCATATCAGATATTCACTGCC,50
RV-UML-m027,AGGACCTTCATCCAAGTGACCTCAGGTGTATTGCGTAACAACGTTCGACC,1.12,AGGACCTTCATCCAAGTGACCTCAGGTGTATTGCGTAACAACGTTCGACC,<pad><pad><pad><pad><pad><pad><pad><pad><pad><pad><pad><pad><pad><pad><pad><pad><pad><pad><pad><pad><pad><pad><pad><pad><pad><pad><pad><pad><pad><pad><pad><pad><pad><pad><pad><pad><pad><pad><pad><pad><pad><pad><pad><pad><pad><pad><pad><pad><pad><pad>AGGACCTTCATCCAAGTGACCTCAGGTGTATTGCGTAACAACGTTCGACC,50
RV-UML-m330,AGGACGAGTATACGACCTCAGTCTAGTCCAAGGGTACTTCGATAATTGCC,1.09,AGGACGAGTATACGACCTCAGTCTAGTCCAAGGGTACTTCGATAATTGCC,<pad><pad><pad><pad><pad><pad><pad><pad><pad><pad><pad><pad><pad><pad><pad><pad><pad><pad><pad><pad><pad><pad><pad><pad><pad><pad><pad><pad><pad><pad><pad><pad><pad><pad><pad><pad><pad><pad><pad><pad><pad><pad><pad><pad><pad><pad><pad><pad><pad><pad>AGGACGAGTATACGACCTCAGTCTAGTCCAAGGGTACTTCGATAATTGCC,50
RV-UML-m046,AGGAGAGACTGCGAGGTGTAGTCTCGATTAGCTCACTACTCGGACTGACC,0.96,AGGAGAGACTGCGAGGTGTAGTCTCGATTAGCTCACTACTCGGACTGACC,<pad><pad><pad><pad><pad><pad><pad><pad><pad><pad><pad><pad><pad><pad><pad><pad><pad><pad><pad><pad><pad><pad><pad><pad><pad><pad><pad><pad><pad><pad><pad><pad><pad><pad><pad><pad><pad><pad><pad><pad><pad><pad><pad><pad><pad><pad><pad><pad><pad><pad>AGGAGAGACTGCGAGGTGTAGTCTCGATTAGCTCACTACTCGGACTGACC,50
RV-UML-m300,AGGAGAGGAGAAATCCTACGTCAATTGGATACTCAGTTACCGATTCGGCT,1.06,AGGAGAGGAGAAATCCTACGTCAATTGGATACTCAGTTACCGATTCGGCT,<pad><pad><pad><pad><pad><pad><pad><pad><pad><pad><pad><pad><pad><pad><pad><pad><pad><pad><pad><pad><pad><pad><pad><pad><pad><pad><pad><pad><pad><pad><pad><pad><pad><pad><pad><pad><pad><pad><pad><pad><pad><pad><pad><pad><pad><pad><pad><pad><pad><pad>AGGAGAGGAGAAATCCTACGTCAATTGGATACTCAGTTACCGATTCGGCT,50
RV-UML-m013,AGGAGAGGATCCATATCAATCGAGTTCGTAGAATTCCCGTGAAAGATAAC,1.11,AGGAGAGGATCCATATCAATCGAGTTCGTAGAATTCCCGTGAAAGATAAC,<pad><pad><pad><pad><pad><pad><pad><pad><pad><pad><pad><pad><pad><pad><pad><pad><pad><pad><pad><pad><pad><pad><pad><pad><pad><pad><pad><pad><pad><pad><pad><pad><pad><pad><pad><pad><pad><pad><pad><pad><pad><pad><pad><pad><pad><pad><pad><pad><pad><pad>AGGAGAGGATCCATATCAATCGAGTTCGTAGAATTCCCGTGAAAGATAAC,50
RV-UML-m084,AGGAGAGTGACCACACCTTAAAAGTTTGCGGTAATTCGACAACCGATCCC,1.09,AGGAGAGTGACCACACCTTAAAAGTTTGCGGTAATTCGACAACCGATCCC,<pad><pad><pad><pad><pad><pad><pad><pad><pad><pad><pad><pad><pad><pad><pad><pad><pad><pad><pad><pad><pad><pad><pad><pad><pad><pad><pad><pad><pad><pad><pad><pad><pad><pad><pad><pad><pad><pad><pad><pad><pad><pad><pad><pad><pad><pad><pad><pad><pad><pad>AGGAGAGTGACCACACCTTAAAAGTTTGCGGTAATTCGACAACCGATCCC,50
RV-UML-m367,AGGAGCTCCGATTCGAACTAATCCGTCATACTTTACAACTGCGAGGGGCC,0.94,AGGAGCTCCGATTCGAACTAATCCGTCATACTTTACAACTGCGAGGGGCC,<pad><pad><pad><pad><pad><pad><pad><pad><pad><pad><pad><pad><pad><pad><pad><pad><pad><pad><pad><pad><pad><pad><pad><pad><pad><pad><pad><pad><pad><pad><pad><pad><pad><pad><pad><pad><pad><pad><pad><pad><pad><pad><pad><pad><pad><pad><pad><pad><pad><pad>AGGAGCTCCGATTCGAACTAATCCGTCATACTTTACAACTGCGAGGGGCC,50
RV-UML-m037,AGGAGGTTCGCCTTGCGCGCATCGCGCCTCAGTCGCACGTGGCGAGACTC,1.11,AGGAGGTTCGCCTTGCGCGCATCGCGCCTCAGTCGCACGTGGCGAGACTC,<pad><pad><pad><pad><pad><pad><pad><pad><pad><pad><pad><pad><pad><pad><pad><pad><pad><pad><pad><pad><pad><pad><pad><pad><pad><pad><pad><pad><pad><pad><pad><pad><pad><pad><pad><pad><pad><pad><pad><pad><pad><pad><pad><pad><pad><pad><pad><pad><pad><pad>AGGAGGTTCGCCTTGCGCGCATCGCGCCTCAGTCGCACGTGGCGAGACTC,50
RV-UML-m033,AGGAGTCATTTCGTTCGACACCTTTTACGCCTCCACACCAGTAGTGGATC,1.12,AGGAGTCATTTCGTTCGACACCTTTTACGCCTCCACACCAGTAGTGGATC,<pad><pad><pad><pad><pad><pad><pad><pad><pad><pad><pad><pad><pad><pad><pad><pad><pad><pad><pad><pad><pad><pad><pad><pad><pad><pad><pad><pad><pad><pad><pad><pad><pad><pad><pad><pad><pad><pad><pad><pad><pad><pad><pad><pad><pad><pad><pad><pad><pad><pad>AGGAGTCATTTCGTTCGACACCTTTTACGCCTCCACACCAGTAGTGGATC,50
RV-UML-m068,AGGAGTGTTCTGCACCCCATCTCTTTTCCGGTTTGAGATTTAGCCTGACT,1.14,AGGAGTGTTCTGCACCCCATCTCTTTTCCGGTTTGAGATTTAGCCTGACT,<pad><pad><pad><pad><pad><pad><pad><pad><pad><pad><pad><pad><pad><pad><pad><pad><pad><pad><pad><pad><pad><pad><pad><pad><pad><pad><pad><pad><pad><pad><pad><pad><pad><pad><pad><pad><pad><pad><pad><pad><pad><pad><pad><pad><pad><pad><pad><pad><pad><pad>AGGAGTGTTCTGCACCCCATCTCTTTTCCGGTTTGAGATTTAGCCTGACT,50
RV-UML-m315,AGGATCACAGAAAAGGATTCCCAAGCGAATAGCCTTCCCGCGAAGACACA,1.08,AGGATCACAGAAAAGGATTCCCAAGCGAATAGCCTTCCCGCGAAGACACA,<pad><pad><pad><pad><pad><pad><pad><pad><pad><pad><pad><pad><pad><pad><pad><pad><pad><pad><pad><pad><pad><pad><pad><pad><pad><pad><pad><pad><pad><pad><pad><pad><pad><pad><pad><pad><pad><pad><pad><pad><pad><pad><pad><pad><pad><pad><pad><pad><pad><pad>AGGATCACAGAAAAGGATTCCCAAGCGAATAGCCTTCCCGCGAAGACACA,50
RV-UML-m325,AGGATCTATCGGAACGTTGTACATTGTATTCGCAGCACCTAGAAACCGTC,1.07,AGGATCTATCGGAACGTTGTACATTGTATTCGCAGCACCTAGAAACCGTC,<pad><pad><pad><pad><pad><pad><pad><pad><pad><pad><pad><pad><pad><pad><pad><pad><pad><pad><pad><pad><pad><pad><pad><pad><pad><pad><pad><pad><pad><pad><pad><pad><pad><pad><pad><pad><pad><pad><pad><pad><pad><pad><pad><pad><pad><pad><pad><pad><pad><pad>AGGATCTATCGGAACGTTGTACATTGTATTCGCAGCACCTAGAAACCGTC,50
RV-UML-m093,AGGATTGATCAAAGATCGTTTGCACTCGCATACACTCTTTGTGCGCCTTA,1.07,AGGATTGATCAAAGATCGTTTGCACTCGCATACACTCTTTGTGCGCCTTA,<pad><pad><pad><pad><pad><pad><pad><pad><pad><pad><pad><pad><pad><pad><pad><pad><pad><pad><pad><pad><pad><pad><pad><pad><pad><pad><pad><pad><pad><pad><pad><pad><pad><pad><pad><pad><pad><pad><pad><pad><pad><pad><pad><pad><pad><pad><pad><pad><pad><pad>AGGATTGATCAAAGATCGTTTGCACTCGCATACACTCTTTGTGCGCCTTA,50
RV-UML-m075,AGGATTGGGCCTCCTCAATCCATAACTTACTCGAACGTCTAGCAACGGAG,1.03,AGGATTGGGCCTCCTCAATCCATAACTTACTCGAACGTCTAGCAACGGAG,<pad><pad><pad><pad><pad><pad><pad><pad><pad><pad><pad><pad><pad><pad><pad><pad><pad><pad><pad><pad><pad><pad><pad><pad><pad><pad><pad><pad><pad><pad><pad><pad><pad><pad><pad><pad><pad><pad><pad><pad><pad><pad><pad><pad><pad><pad><pad><pad><pad><pad>AGGATTGGGCCTCCTCAATCCATAACTTACTCGAACGTCTAGCAACGGAG,50
RV-UML-m096,AGGATTGTGTTTTCCCGGAATCGACCTTGCGATTTTGGTTCGTAACTACA,1.0,AGGATTGTGTTTTCCCGGAATCGACCTTGCGATTTTGGTTCGTAACTACA,<pad><pad><pad><pad><pad><pad><pad><pad><pad><pad><pad><pad><pad><pad><pad><pad><pad><pad><pad><pad><pad><pad><pad><pad><pad><pad><pad><pad><pad><pad><pad><pad><pad><pad><pad><pad><pad><pad><pad><pad><pad><pad><pad><pad><pad><pad><pad><pad><pad><pad>AGGATTGTGTTTTCCCGGAATCGACCTTGCGATTTTGGTTCGTAACTACA,50
RV-UML-m035,AGGCACGCTAAGGTTATCTGCGTCTGTTTACCCTCTACGAACTTTTCAGC,1.05,AGGCACGCTAAGGTTATCTGCGTCTGTTTACCCTCTACGAACTTTTCAGC,<pad><pad><pad><pad><pad><pad><pad><pad><pad><pad><pad><pad><pad><pad><pad><pad><pad><pad><pad><pad><pad><pad><pad><pad><pad><pad><pad><pad><pad><pad><pad><pad><pad><pad><pad><pad><pad><pad><pad><pad><pad><pad><pad><pad><pad><pad><pad><pad><pad><pad>AGGCACGCTAAGGTTATCTGCGTCTGTTTACCCTCTACGAACTTTTCAGC,50
RV-UML-m309,AGGCCACTGCTACTGTGCAAATCCGCAGGATCCTTCCCGTTACGGTCGAA,1.0,AGGCCACTGCTACTGTGCAAATCCGCAGGATCCTTCCCGTTACGGTCGAA,<pad><pad><pad><pad><pad><pad><pad><pad><pad><pad><pad><pad><pad><pad><pad><pad><pad><pad><pad><pad><pad><pad><pad><pad><pad><pad><pad><pad><pad><pad><pad><pad><pad><pad><pad><pad><pad><pad><pad><pad><pad><pad><pad><pad><pad><pad><pad><pad><pad><pad>AGGCCACTGCTACTGTGCAAATCCGCAGGATCCTTCCCGTTACGGTCGAA,50
RV-UML-m356,AGGCCAGATTGGCGCCGAGTATCGACGCCTACACTCCTACCAAAGTCTCT,1.06,AGGCCAGATTGGCGCCGAGTATCGACGCCTACACTCCTACCAAAGTCTCT,<pad><pad><pad><pad><pad><pad><pad><pad><pad><pad><pad><pad><pad><pad><pad><pad><pad><pad><pad><pad><pad><pad><pad><pad><pad><pad><pad><pad><pad><pad><pad><pad><pad><pad><pad><pad><pad><pad><pad><pad><pad><pad><pad><pad><pad><pad><pad><pad><pad><pad>AGGCCAGATTGGCGCCGAGTATCGACGCCTACACTCCTACCAAAGTCTCT,50
RV-UML-m006,AGGCCGAGTCATTATCATACTTGGTTCAATCTATTGAACGAAGTATTGCT,1.2,AGGCCGAGTCATTATCATACTTGGTTCAATCTATTGAACGAAGTATTGCT,<pad><pad><pad><pad><pad><pad><pad><pad><pad><pad><pad><pad><pad><pad><pad><pad><pad><pad><pad><pad><pad><pad><pad><pad><pad><pad><pad><pad><pad><pad><pad><pad><pad><pad><pad><pad><pad><pad><pad><pad><pad><pad><pad><pad><pad><pad><pad><pad><pad><pad>AGGCCGAGTCATTATCATACTTGGTTCAATCTATTGAACGAAGTATTGCT,50
RV-UML-m025,AGGCGAAGTCTTCGACTACCACTACCCTCGCCGTCGCGGTCTTTGCTGTC,1.21,AGGCGAAGTCTTCGACTACCACTACCCTCGCCGTCGCGGTCTTTGCTGTC,<pad><pad><pad><pad><pad><pad><pad><pad><pad><pad><pad><pad><pad><pad><pad><pad><pad><pad><pad><pad><pad><pad><pad><pad><pad><pad><pad><pad><pad><pad><pad><pad><pad><pad><pad><pad><pad><pad><pad><pad><pad><pad><pad><pad><pad><pad><pad><pad><pad><pad>AGGCGAAGTCTTCGACTACCACTACCCTCGCCGTCGCGGTCTTTGCTGTC,50
RV-UML-m351,AGGCGCCTCTACTACTACCCTCGAACGAGGCCGATACTGACGAGAACCCG,1.14,AGGCGCCTCTACTACTACCCTCGAACGAGGCCGATACTGACGAGAACCCG,<pad><pad><pad><pad><pad><pad><pad><pad><pad><pad><pad><pad><pad><pad><pad><pad><pad><pad><pad><pad><pad><pad><pad><pad><pad><pad><pad><pad><pad><pad><pad><pad><pad><pad><pad><pad><pad><pad><pad><pad><pad><pad><pad><pad><pad><pad><pad><pad><pad><pad>AGGCGCCTCTACTACTACCCTCGAACGAGGCCGATACTGACGAGAACCCG,50
RV-UML-m276,AGGCTGCAACGTATCGAGTCAAATATATCGGTTGCAGTAGTACCGTGGCC,1.16,AGGCTGCAACGTATCGAGTCAAATATATCGGTTGCAGTAGTACCGTGGCC,<pad><pad><pad><pad><pad><pad><pad><pad><pad><pad><pad><pad><pad><pad><pad><pad><pad><pad><pad><pad><pad><pad><pad><pad><pad><pad><pad><pad><pad><pad><pad><pad><pad><pad><pad><pad><pad><pad><pad><pad><pad><pad><pad><pad><pad><pad><pad><pad><pad><pad>AGGCTGCAACGTATCGAGTCAAATATATCGGTTGCAGTAGTACCGTGGCC,50
RV-UML-m023,AGGGAAACCTTTCCATAATCCGAATCCTGTTCCGCTTACTTTATTCTGCT,1.07,AGGGAAACCTTTCCATAATCCGAATCCTGTTCCGCTTACTTTATTCTGCT,<pad><pad><pad><pad><pad><pad><pad><pad><pad><pad><pad><pad><pad><pad><pad><pad><pad><pad><pad><pad><pad><pad><pad><pad><pad><pad><pad><pad><pad><pad><pad><pad><pad><pad><pad><pad><pad><pad><pad><pad><pad><pad><pad><pad><pad><pad><pad><pad><pad><pad>AGGGAAACCTTTCCATAATCCGAATCCTGTTCCGCTTACTTTATTCTGCT,50
RV-UML-m314,AGGGAACAGTGGAGCACAATAGTTGTCACAAACGCGTGACCTGTACCTTA,1.31,AGGGAACAGTGGAGCACAATAGTTGTCACAAACGCGTGACCTGTACCTTA,<pad><pad><pad><pad><pad><pad><pad><pad><pad><pad><pad><pad><pad><pad><pad><pad><pad><pad><pad><pad><pad><pad><pad><pad><pad><pad><pad><pad><pad><pad><pad><pad><pad><pad><pad><pad><pad><pad><pad><pad><pad><pad><pad><pad><pad><pad><pad><pad><pad><pad>AGGGAACAGTGGAGCACAATAGTTGTCACAAACGCGTGACCTGTACCTTA,50
RV-UML-m008,AGGGAATACAACCTTATTCTCCGATTGCAAAGCGTAGTGTAATTAGCGTA,1.11,AGGGAATACAACCTTATTCTCCGATTGCAAAGCGTAGTGTAATTAGCGTA,<pad><pad><pad><pad><pad><pad><pad><pad><pad><pad><pad><pad><pad><pad><pad><pad><pad><pad><pad><pad><pad><pad><pad><pad><pad><pad><pad><pad><pad><pad><pad><pad><pad><pad><pad><pad><pad><pad><pad><pad><pad><pad><pad><pad><pad><pad><pad><pad><pad><pad>AGGGAATACAACCTTATTCTCCGATTGCAAAGCGTAGTGTAATTAGCGTA,50
RV-UML-m345,AGGGAATCGTGTCAGAAATCTGACCAGAAAATTCACCTCGAGTCCATACG,0.97,AGGGAATCGTGTCAGAAATCTGACCAGAAAATTCACCTCGAGTCCATACG,<pad><pad><pad><pad><pad><pad><pad><pad><pad><pad><pad><pad><pad><pad><pad><pad><pad><pad><pad><pad><pad><pad><pad><pad><pad><pad><pad><pad><pad><pad><pad><pad><pad><pad><pad><pad><pad><pad><pad><pad><pad><pad><pad><pad><pad><pad><pad><pad><pad><pad>AGGGAATCGTGTCAGAAATCTGACCAGAAAATTCACCTCGAGTCCATACG,50
RV-UML-m004,AGGGACCAAGAGTTCGATACCTCATCGAACTGCGAGTCATAAGCAGGGCC,1.2,AGGGACCAAGAGTTCGATACCTCATCGAACTGCGAGTCATAAGCAGGGCC,<pad><pad><pad><pad><pad><pad><pad><pad><pad><pad><pad><pad><pad><pad><pad><pad><pad><pad><pad><pad><pad><pad><pad><pad><pad><pad><pad><pad><pad><pad><pad><pad><pad><pad><pad><pad><pad><pad><pad><pad><pad><pad><pad><pad><pad><pad><pad><pad><pad><pad>AGGGACCAAGAGTTCGATACCTCATCGAACTGCGAGTCATAAGCAGGGCC,50
RV-UML-m366,AGGGAGAGAAGGAGTTTGGACGAGCTAATAAATCCCGTATCCTAGATACC,1.03,AGGGAGAGAAGGAGTTTGGACGAGCTAATAAATCCCGTATCCTAGATACC,<pad><pad><pad><pad><pad><pad><pad><pad><pad><pad><pad><pad><pad><pad><pad><pad><pad><pad><pad><pad><pad><pad><pad><pad><pad><pad><pad><pad><pad><pad><pad><pad><pad><pad><pad><pad><pad><pad><pad><pad><pad><pad><pad><pad><pad><pad><pad><pad><pad><pad>AGGGAGAGAAGGAGTTTGGACGAGCTAATAAATCCCGTATCCTAGATACC,50
RV-UML-m032,AGGGAGGTTTCAGTTCAGTATCTCCTATAACGAACTTCGAGAGGGGCTTC,1.1,AGGGAGGTTTCAGTTCAGTATCTCCTATAACGAACTTCGAGAGGGGCTTC,<pad><pad><pad><pad><pad><pad><pad><pad><pad><pad><pad><pad><pad><pad><pad><pad><pad><pad><pad><pad><pad><pad><pad><pad><pad><pad><pad><pad><pad><pad><pad><pad><pad><pad><pad><pad><pad><pad><pad><pad><pad><pad><pad><pad><pad><pad><pad><pad><pad><pad>AGGGAGGTTTCAGTTCAGTATCTCCTATAACGAACTTCGAGAGGGGCTTC,50
RV-UML-m285,AGGGATTCAAACTACGCCTTCAATCTCTCGATTTACGTGTGAGGGGATCG,1.11,AGGGATTCAAACTACGCCTTCAATCTCTCGATTTACGTGTGAGGGGATCG,<pad><pad><pad><pad><pad><pad><pad><pad><pad><pad><pad><pad><pad><pad><pad><pad><pad><pad><pad><pad><pad><pad><pad><pad><pad><pad><pad><pad><pad><pad><pad><pad><pad><pad><pad><pad><pad><pad><pad><pad><pad><pad><pad><pad><pad><pad><pad><pad><pad><pad>AGGGATTCAAACTACGCCTTCAATCTCTCGATTTACGTGTGAGGGGATCG,50
RV-UML-m007,AGGGATTTACCGAGAATCTAGTTACAGAACAACCTCTTCCTAAAAGGGCC,1.2,AGGGATTTACCGAGAATCTAGTTACAGAACAACCTCTTCCTAAAAGGGCC,<pad><pad><pad><pad><pad><pad><pad><pad><pad><pad><pad><pad><pad><pad><pad><pad><pad><pad><pad><pad><pad><pad><pad><pad><pad><pad><pad><pad><pad><pad><pad><pad><pad><pad><pad><pad><pad><pad><pad><pad><pad><pad><pad><pad><pad><pad><pad><pad><pad><pad>AGGGATTTACCGAGAATCTAGTTACAGAACAACCTCTTCCTAAAAGGGCC,50
RV-UML-m001,AGGGCGAAGAAACGTTAACGAGTATTTCAATTATTAGAGAGTTCATTGCT,1.03,AGGGCGAAGAAACGTTAACGAGTATTTCAATTATTAGAGAGTTCATTGCT,<pad><pad><pad><pad><pad><pad><pad><pad><pad><pad><pad><pad><pad><pad><pad><pad><pad><pad><pad><pad><pad><pad><pad><pad><pad><pad><pad><pad><pad><pad><pad><pad><pad><pad><pad><pad><pad><pad><pad><pad><pad><pad><pad><pad><pad><pad><pad><pad><pad><pad>AGGGCGAAGAAACGTTAACGAGTATTTCAATTATTAGAGAGTTCATTGCT,50
RV-UML-m335,AGGGGATTGGATCAGAGTATTGAGTACGACGACCTCCGACCATTGATCTC,1.06,AGGGGATTGGATCAGAGTATTGAGTACGACGACCTCCGACCATTGATCTC,<pad><pad><pad><pad><pad><pad><pad><pad><pad><pad><pad><pad><pad><pad><pad><pad><pad><pad><pad><pad><pad><pad><pad><pad><pad><pad><pad><pad><pad><pad><pad><pad><pad><pad><pad><pad><pad><pad><pad><pad><pad><pad><pad><pad><pad><pad><pad><pad><pad><pad>AGGGGATTGGATCAGAGTATTGAGTACGACGACCTCCGACCATTGATCTC,50
RV-UML-m297,AGGGGCGGAATCATACTGTTCGTAGGGGAGTACACCAGTATTCGAAAATA,1.07,AGGGGCGGAATCATACTGTTCGTAGGGGAGTACACCAGTATTCGAAAATA,<pad><pad><pad><pad><pad><pad><pad><pad><pad><pad><pad><pad><pad><pad><pad><pad><pad><pad><pad><pad><pad><pad><pad><pad><pad><pad><pad><pad><pad><pad><pad><pad><pad><pad><pad><pad><pad><pad><pad><pad><pad><pad><pad><pad><pad><pad><pad><pad><pad><pad>AGGGGCGGAATCATACTGTTCGTAGGGGAGTACACCAGTATTCGAAAATA,50
RV-UML-m353,AGGGTCACTGCCCTTCGGCAGATCTCTATATCGGGCGCGGCTACGATTTG,1.07,AGGGTCACTGCCCTTCGGCAGATCTCTATATCGGGCGCGGCTACGATTTG,<pad><pad><pad><pad><pad><pad><pad><pad><pad><pad><pad><pad><pad><pad><pad><pad><pad><pad><pad><pad><pad><pad><pad><pad><pad><pad><pad><pad><pad><pad><pad><pad><pad><pad><pad><pad><pad><pad><pad><pad><pad><pad><pad><pad><pad><pad><pad><pad><pad><pad>AGGGTCACTGCCCTTCGGCAGATCTCTATATCGGGCGCGGCTACGATTTG,50
RV-UML-m024,AGGGTGCTCTAACACATACCGCCAAGTCACCTTTCTACGGTACGCCAACC,1.04,AGGGTGCTCTAACACATACCGCCAAGTCACCTTTCTACGGTACGCCAACC,<pad><pad><pad><pad><pad><pad><pad><pad><pad><pad><pad><pad><pad><pad><pad><pad><pad><pad><pad><pad><pad><pad><pad><pad><pad><pad><pad><pad><pad><pad><pad><pad><pad><pad><pad><pad><pad><pad><pad><pad><pad><pad><pad><pad><pad><pad><pad><pad><pad><pad>AGGGTGCTCTAACACATACCGCCAAGTCACCTTTCTACGGTACGCCAACC,50
RV-UML-m014,AGGGTTTGAACATATTCGTTTACTTTCCAATCCCTAACTTAGTCCTTGCT,1.13,AGGGTTTGAACATATTCGTTTACTTTCCAATCCCTAACTTAGTCCTTGCT,<pad><pad><pad><pad><pad><pad><pad><pad><pad><pad><pad><pad><pad><pad><pad><pad><pad><pad><pad><pad><pad><pad><pad><pad><pad><pad><pad><pad><pad><pad><pad><pad><pad><pad><pad><pad><pad><pad><pad><pad><pad><pad><pad><pad><pad><pad><pad><pad><pad><pad>AGGGTTTGAACATATTCGTTTACTTTCCAATCCCTAACTTAGTCCTTGCT,50
RV-UML-m020,AGGTACTTTCCCTTTCTACCTACACAAGGATCCCACACACAGAGAGGGTC,0.97,AGGTACTTTCCCTTTCTACCTACACAAGGATCCCACACACAGAGAGGGTC,<pad><pad><pad><pad><pad><pad><pad><pad><pad><pad><pad><pad><pad><pad><pad><pad><pad><pad><pad><pad><pad><pad><pad><pad><pad><pad><pad><pad><pad><pad><pad><pad><pad><pad><pad><pad><pad><pad><pad><pad><pad><pad><pad><pad><pad><pad><pad><pad><pad><pad>AGGTACTTTCCCTTTCTACCTACACAAGGATCCCACACACAGAGAGGGTC,50
RV-UML-m051,AGGTCATCGGACAATACTTTAGTGGTGTTTTCAGCCCACTCTTCAAAGCA,1.15,AGGTCATCGGACAATACTTTAGTGGTGTTTTCAGCCCACTCTTCAAAGCA,<pad><pad><pad><pad><pad><pad><pad><pad><pad><pad><pad><pad><pad><pad><pad><pad><pad><pad><pad><pad><pad><pad><pad><pad><pad><pad><pad><pad><pad><pad><pad><pad><pad><pad><pad><pad><pad><pad><pad><pad><pad><pad><pad><pad><pad><pad><pad><pad><pad><pad>AGGTCATCGGACAATACTTTAGTGGTGTTTTCAGCCCACTCTTCAAAGCA,50
RV-UML-m079,AGGTCCAGAAATCAACGAGATATCACTAGGAACTACTACCATCCGCGAGG,1.09,AGGTCCAGAAATCAACGAGATATCACTAGGAACTACTACCATCCGCGAGG,<pad><pad><pad><pad><pad><pad><pad><pad><pad><pad><pad><pad><pad><pad><pad><pad><pad><pad><pad><pad><pad><pad><pad><pad><pad><pad><pad><pad><pad><pad><pad><pad><pad><pad><pad><pad><pad><pad><pad><pad><pad><pad><pad><pad><pad><pad><pad><pad><pad><pad>AGGTCCAGAAATCAACGAGATATCACTAGGAACTACTACCATCCGCGAGG,50
RV-UML-m002,AGGTCCGTTATATTATTTATCTTGCAGATCAAACTTCAGAGAGGAGGGCC,1.33,AGGTCCGTTATATTATTTATCTTGCAGATCAAACTTCAGAGAGGAGGGCC,<pad><pad><pad><pad><pad><pad><pad><pad><pad><pad><pad><pad><pad><pad><pad><pad><pad><pad><pad><pad><pad><pad><pad><pad><pad><pad><pad><pad><pad><pad><pad><pad><pad><pad><pad><pad><pad><pad><pad><pad><pad><pad><pad><pad><pad><pad><pad><pad><pad><pad>AGGTCCGTTATATTATTTATCTTGCAGATCAAACTTCAGAGAGGAGGGCC,50
RV-UML-m284,AGGTCCTCTTTCAGGAAGAGGTCGCATACAGTACAGCAGATCTGACGAAG,1.05,AGGTCCTCTTTCAGGAAGAGGTCGCATACAGTACAGCAGATCTGACGAAG,<pad><pad><pad><pad><pad><pad><pad><pad><pad><pad><pad><pad><pad><pad><pad><pad><pad><pad><pad><pad><pad><pad><pad><pad><pad><pad><pad><pad><pad><pad><pad><pad><pad><pad><pad><pad><pad><pad><pad><pad><pad><pad><pad><pad><pad><pad><pad><pad><pad><pad>AGGTCCTCTTTCAGGAAGAGGTCGCATACAGTACAGCAGATCTGACGAAG,50
RV-UML-m041,AGGTCCTTCTGGGGCTTCCGTCGTATCTCCGCCAGGACGGACGAAAAAAA,1.02,AGGTCCTTCTGGGGCTTCCGTCGTATCTCCGCCAGGACGGACGAAAAAAA,<pad><pad><pad><pad><pad><pad><pad><pad><pad><pad><pad><pad><pad><pad><pad><pad><pad><pad><pad><pad><pad><pad><pad><pad><pad><pad><pad><pad><pad><pad><pad><pad><pad><pad><pad><pad><pad><pad><pad><pad><pad><pad><pad><pad><pad><pad><pad><pad><pad><pad>AGGTCCTTCTGGGGCTTCCGTCGTATCTCCGCCAGGACGGACGAAAAAAA,50
RV-UML-m078,AGGTGGTCTTCTTGTTGCTACAGGAACCCACGGACTTATTCGATAGCGAC,1.17,AGGTGGTCTTCTTGTTGCTACAGGAACCCACGGACTTATTCGATAGCGAC,<pad><pad><pad><pad><pad><pad><pad><pad><pad><pad><pad><pad><pad><pad><pad><pad><pad><pad><pad><pad><pad><pad><pad><pad><pad><pad><pad><pad><pad><pad><pad><pad><pad><pad><pad><pad><pad><pad><pad><pad><pad><pad><pad><pad><pad><pad><pad><pad><pad><pad>AGGTGGTCTTCTTGTTGCTACAGGAACCCACGGACTTATTCGATAGCGAC,50
RV-UML-m021,AGGTGTTTCTCGACAGACGAAAACTGCTCCTACACACCTTTAGTTTTGCT,1.0,AGGTGTTTCTCGACAGACGAAAACTGCTCCTACACACCTTTAGTTTTGCT,<pad><pad><pad><pad><pad><pad><pad><pad><pad><pad><pad><pad><pad><pad><pad><pad><pad><pad><pad><pad><pad><pad><pad><pad><pad><pad><pad><pad><pad><pad><pad><pad><pad><pad><pad><pad><pad><pad><pad><pad><pad><pad><pad><pad><pad><pad><pad><pad><pad><pad>AGGTGTTTCTCGACAGACGAAAACTGCTCCTACACACCTTTAGTTTTGCT,50
RV-UML-m323,AGGTTACTTCTCGTCCCAACAGAATTGAACCGAAGATCTATTCAGGGAGG,1.03,AGGTTACTTCTCGTCCCAACAGAATTGAACCGAAGATCTATTCAGGGAGG,<pad><pad><pad><pad><pad><pad><pad><pad><pad><pad><pad><pad><pad><pad><pad><pad><pad><pad><pad><pad><pad><pad><pad><pad><pad><pad><pad><pad><pad><pad><pad><pad><pad><pad><pad><pad><pad><pad><pad><pad><pad><pad><pad><pad><pad><pad><pad><pad><pad><pad>AGGTTACTTCTCGTCCCAACAGAATTGAACCGAAGATCTATTCAGGGAGG,50
RV-UML-m290,AGGTTGCACTTTACCCTCCCTTCCCGTGGGAACGCATTGCGAAAATCGCA,1.2,AGGTTGCACTTTACCCTCCCTTCCCGTGGGAACGCATTGCGAAAATCGCA,<pad><pad><pad><pad><pad><pad><pad><pad><pad><pad><pad><pad><pad><pad><pad><pad><pad><pad><pad><pad><pad><pad><pad><pad><pad><pad><pad><pad><pad><pad><pad><pad><pad><pad><pad><pad><pad><pad><pad><pad><pad><pad><pad><pad><pad><pad><pad><pad><pad><pad>AGGTTGCACTTTACCCTCCCTTCCCGTGGGAACGCATTGCGAAAATCGCA,50
RV-UML-m364,AGGTTGGCGGAAGTGCTCCCGCGTCTACACTCTCAAGTCGTCACCGTAAG,1.05,AGGTTGGCGGAAGTGCTCCCGCGTCTACACTCTCAAGTCGTCACCGTAAG,<pad><pad><pad><pad><pad><pad><pad><pad><pad><pad><pad><pad><pad><pad><pad><pad><pad><pad><pad><pad><pad><pad><pad><pad><pad><pad><pad><pad><pad><pad><pad><pad><pad><pad><pad><pad><pad><pad><pad><pad><pad><pad><pad><pad><pad><pad><pad><pad><pad><pad>AGGTTGGCGGAAGTGCTCCCGCGTCTACACTCTCAAGTCGTCACCGTAAG,50
RV-UML-m086,AGGTTGTACAGAGACATACGGAGAGCGTGTCAACGTCATAGCCCGTAACC,1.04,AGGTTGTACAGAGACATACGGAGAGCGTGTCAACGTCATAGCCCGTAACC,<pad><pad><pad><pad><pad><pad><pad><pad><pad><pad><pad><pad><pad><pad><pad><pad><pad><pad><pad><pad><pad><pad><pad><pad><pad><pad><pad><pad><pad><pad><pad><pad><pad><pad><pad><pad><pad><pad><pad><pad><pad><pad><pad><pad><pad><pad><pad><pad><pad><pad>AGGTTGTACAGAGACATACGGAGAGCGTGTCAACGTCATAGCCCGTAACC,50
RV-UML-m092,AGGTTTTGGGGACGCAAAGAGAAAACGCTTGAGTCACTCTTAGAGTCAAA,0.68,AGGTTTTGGGGACGCAAAGAGAAAACGCTTGAGTCACTCTTAGAGTCAAA,<pad><pad><pad><pad><pad><pad><pad><pad><pad><pad><pad><pad><pad><pad><pad><pad><pad><pad><pad><pad><pad><pad><pad><pad><pad><pad><pad><pad><pad><pad><pad><pad><pad><pad><pad><pad><pad><pad><pad><pad><pad><pad><pad><pad><pad><pad><pad><pad><pad><pad>AGGTTTTGGGGACGCAAAGAGAAAACGCTTGAGTCACTCTTAGAGTCAAA,50
RV-UML-m053,AGTAAATAAAGCTATTACCCGACTGCACAGGAGATTCCTGCTCTTTCGAT,1.01,AGTAAATAAAGCTATTACCCGACTGCACAGGAGATTCCTGCTCTTTCGAT,<pad><pad><pad><pad><pad><pad><pad><pad><pad><pad><pad><pad><pad><pad><pad><pad><pad><pad><pad><pad><pad><pad><pad><pad><pad><pad><pad><pad><pad><pad><pad><pad><pad><pad><pad><pad><pad><pad><pad><pad><pad><pad><pad><pad><pad><pad><pad><pad><pad><pad>AGTAAATAAAGCTATTACCCGACTGCACAGGAGATTCCTGCTCTTTCGAT,50
RV-UML-m064,AGTACAGGAAGACAGGAGTGTCTTGCGTTTGCAGTACCCACCACAACGAC,1.03,AGTACAGGAAGACAGGAGTGTCTTGCGTTTGCAGTACCCACCACAACGAC,<pad><pad><pad><pad><pad><pad><pad><pad><pad><pad><pad><pad><pad><pad><pad><pad><pad><pad><pad><pad><pad><pad><pad><pad><pad><pad><pad><pad><pad><pad><pad><pad><pad><pad><pad><pad><pad><pad><pad><pad><pad><pad><pad><pad><pad><pad><pad><pad><pad><pad>AGTACAGGAAGACAGGAGTGTCTTGCGTTTGCAGTACCCACCACAACGAC,50
RV-UML-m304,AGTACATTCATCGCTCGCTACCCGTCTGTCGAGCACACATTCAGGACAAG,1.16,AGTACATTCATCGCTCGCTACCCGTCTGTCGAGCACACATTCAGGACAAG,<pad><pad><pad><pad><pad><pad><pad><pad><pad><pad><pad><pad><pad><pad><pad><pad><pad><pad><pad><pad><pad><pad><pad><pad><pad><pad><pad><pad><pad><pad><pad><pad><pad><pad><pad><pad><pad><pad><pad><pad><pad><pad><pad><pad><pad><pad><pad><pad><pad><pad>AGTACATTCATCGCTCGCTACCCGTCTGTCGAGCACACATTCAGGACAAG,50
RV-UML-m333,AGTACCTGGCCAGGACAAACAGTATCTTGCTGTATTCTCACCTCTCCACT,1.01,AGTACCTGGCCAGGACAAACAGTATCTTGCTGTATTCTCACCTCTCCACT,<pad><pad><pad><pad><pad><pad><pad><pad><pad><pad><pad><pad><pad><pad><pad><pad><pad><pad><pad><pad><pad><pad><pad><pad><pad><pad><pad><pad><pad><pad><pad><pad><pad><pad><pad><pad><pad><pad><pad><pad><pad><pad><pad><pad><pad><pad><pad><pad><pad><pad>AGTACCTGGCCAGGACAAACAGTATCTTGCTGTATTCTCACCTCTCCACT,50
RV-UML-m058,AGTATAAAGGTATATCAGGGAAACGTCTGTCGTGCTCACACGGAGAGCCC,1.09,AGTATAAAGGTATATCAGGGAAACGTCTGTCGTGCTCACACGGAGAGCCC,<pad><pad><pad><pad><pad><pad><pad><pad><pad><pad><pad><pad><pad><pad><pad><pad><pad><pad><pad><pad><pad><pad><pad><pad><pad><pad><pad><pad><pad><pad><pad><pad><pad><pad><pad><pad><pad><pad><pad><pad><pad><pad><pad><pad><pad><pad><pad><pad><pad><pad>AGTATAAAGGTATATCAGGGAAACGTCTGTCGTGCTCACACGGAGAGCCC,50
RV-UML-m336,AGTCACTTGGCGGAATTCGTCGAAGGTGTATTGCGGTTCATCACAAAGCA,1.1,AGTCACTTGGCGGAATTCGTCGAAGGTGTATTGCGGTTCATCACAAAGCA,<pad><pad><pad><pad><pad><pad><pad><pad><pad><pad><pad><pad><pad><pad><pad><pad><pad><pad><pad><pad><pad><pad><pad><pad><pad><pad><pad><pad><pad><pad><pad><pad><pad><pad><pad><pad><pad><pad><pad><pad><pad><pad><pad><pad><pad><pad><pad><pad><pad><pad>AGTCACTTGGCGGAATTCGTCGAAGGTGTATTGCGGTTCATCACAAAGCA,50
RV-UML-m040,AGTCAGACGCCCCATACGCATTAGGCTGGTCTATCATCTACTACCTTCGC,1.02,AGTCAGACGCCCCATACGCATTAGGCTGGTCTATCATCTACTACCTTCGC,<pad><pad><pad><pad><pad><pad><pad><pad><pad><pad><pad><pad><pad><pad><pad><pad><pad><pad><pad><pad><pad><pad><pad><pad><pad><pad><pad><pad><pad><pad><pad><pad><pad><pad><pad><pad><pad><pad><pad><pad><pad><pad><pad><pad><pad><pad><pad><pad><pad><pad>AGTCAGACGCCCCATACGCATTAGGCTGGTCTATCATCTACTACCTTCGC,50
RV-UML-m338,AGTCCATACAAGAGGATCACCGATTCCCTAGGCAAGAGTACATTGTGGCC,1.05,AGTCCATACAAGAGGATCACCGATTCCCTAGGCAAGAGTACATTGTGGCC,<pad><pad><pad><pad><pad><pad><pad><pad><pad><pad><pad><pad><pad><pad><pad><pad><pad><pad><pad><pad><pad><pad><pad><pad><pad><pad><pad><pad><pad><pad><pad><pad><pad><pad><pad><pad><pad><pad><pad><pad><pad><pad><pad><pad><pad><pad><pad><pad><pad><pad>AGTCCATACAAGAGGATCACCGATTCCCTAGGCAAGAGTACATTGTGGCC,50
RV-UML-m049,AGTCCCACCTCGCGTGGACTCCGCGAATTCCGAAAGTCGACATTGTGGCC,1.06,AGTCCCACCTCGCGTGGACTCCGCGAATTCCGAAAGTCGACATTGTGGCC,<pad><pad><pad><pad><pad><pad><pad><pad><pad><pad><pad><pad><pad><pad><pad><pad><pad><pad><pad><pad><pad><pad><pad><pad><pad><pad><pad><pad><pad><pad><pad><pad><pad><pad><pad><pad><pad><pad><pad><pad><pad><pad><pad><pad><pad><pad><pad><pad><pad><pad>AGTCCCACCTCGCGTGGACTCCGCGAATTCCGAAAGTCGACATTGTGGCC,50
RV-UML-m042,AGTCCCGTAGTTTGGCCGCACTTCACCGAAAGGGACATCGCCGAGACACG,0.95,AGTCCCGTAGTTTGGCCGCACTTCACCGAAAGGGACATCGCCGAGACACG,<pad><pad><pad><pad><pad><pad><pad><pad><pad><pad><pad><pad><pad><pad><pad><pad><pad><pad><pad><pad><pad><pad><pad><pad><pad><pad><pad><pad><pad><pad><pad><pad><pad><pad><pad><pad><pad><pad><pad><pad><pad><pad><pad><pad><pad><pad><pad><pad><pad><pad>AGTCCCGTAGTTTGGCCGCACTTCACCGAAAGGGACATCGCCGAGACACG,50
RV-UML-m301,AGTCCGAGAAGAGAAAACAGATTTTCAGCCCACATTGGACAGGGTGGGCA,1.05,AGTCCGAGAAGAGAAAACAGATTTTCAGCCCACATTGGACAGGGTGGGCA,<pad><pad><pad><pad><pad><pad><pad><pad><pad><pad><pad><pad><pad><pad><pad><pad><pad><pad><pad><pad><pad><pad><pad><pad><pad><pad><pad><pad><pad><pad><pad><pad><pad><pad><pad><pad><pad><pad><pad><pad><pad><pad><pad><pad><pad><pad><pad><pad><pad><pad>AGTCCGAGAAGAGAAAACAGATTTTCAGCCCACATTGGACAGGGTGGGCA,50
RV-UML-m083,AGTCCTTTCGCGTCTACCTCTAATCTTAGTAGACTGTTCGGTTTAGAGCT,0.55,AGTCCTTTCGCGTCTACCTCTAATCTTAGTAGACTGTTCGGTTTAGAGCT,<pad><pad><pad><pad><pad><pad><pad><pad><pad><pad><pad><pad><pad><pad><pad><pad><pad><pad><pad><pad><pad><pad><pad><pad><pad><pad><pad><pad><pad><pad><pad><pad><pad><pad><pad><pad><pad><pad><pad><pad><pad><pad><pad><pad><pad><pad><pad><pad><pad><pad>AGTCCTTTCGCGTCTACCTCTAATCTTAGTAGACTGTTCGGTTTAGAGCT,50
RV-UML-m310,AGTCGAGCGCATCTTTCACAGAACTGTACGTGTCTACGAGACACTAGAAC,0.97,AGTCGAGCGCATCTTTCACAGAACTGTACGTGTCTACGAGACACTAGAAC,<pad><pad><pad><pad><pad><pad><pad><pad><pad><pad><pad><pad><pad><pad><pad><pad><pad><pad><pad><pad><pad><pad><pad><pad><pad><pad><pad><pad><pad><pad><pad><pad><pad><pad><pad><pad><pad><pad><pad><pad><pad><pad><pad><pad><pad><pad><pad><pad><pad><pad>AGTCGAGCGCATCTTTCACAGAACTGTACGTGTCTACGAGACACTAGAAC,50
RV-UML-m279,AGTCGAGGGGCTTATTCTGCGTTTCTGCACGAGCGAATTCTGACGGATCA,1.16,AGTCGAGGGGCTTATTCTGCGTTTCTGCACGAGCGAATTCTGACGGATCA,<pad><pad><pad><pad><pad><pad><pad><pad><pad><pad><pad><pad><pad><pad><pad><pad><pad><pad><pad><pad><pad><pad><pad><pad><pad><pad><pad><pad><pad><pad><pad><pad><pad><pad><pad><pad><pad><pad><pad><pad><pad><pad><pad><pad><pad><pad><pad><pad><pad><pad>AGTCGAGGGGCTTATTCTGCGTTTCTGCACGAGCGAATTCTGACGGATCA,50
RV-UML-m039,AGTCGGACATAGAGAGGTCAGATACTTCTCTTGGGAGAATCACGTTCACA,0.57,AGTCGGACATAGAGAGGTCAGATACTTCTCTTGGGAGAATCACGTTCACA,<pad><pad><pad><pad><pad><pad><pad><pad><pad><pad><pad><pad><pad><pad><pad><pad><pad><pad><pad><pad><pad><pad><pad><pad><pad><pad><pad><pad><pad><pad><pad><pad><pad><pad><pad><pad><pad><pad><pad><pad><pad><pad><pad><pad><pad><pad><pad><pad><pad><pad>AGTCGGACATAGAGAGGTCAGATACTTCTCTTGGGAGAATCACGTTCACA,50
RV-UML-m016,AGTCGTTGTCCAAATTGTCATTCGTCTGTAGAGTTCTTCTTCTAGGGGCT,0.62,AGTCGTTGTCCAAATTGTCATTCGTCTGTAGAGTTCTTCTTCTAGGGGCT,<pad><pad><pad><pad><pad><pad><pad><pad><pad><pad><pad><pad><pad><pad><pad><pad><pad><pad><pad><pad><pad><pad><pad><pad><pad><pad><pad><pad><pad><pad><pad><pad><pad><pad><pad><pad><pad><pad><pad><pad><pad><pad><pad><pad><pad><pad><pad><pad><pad><pad>AGTCGTTGTCCAAATTGTCATTCGTCTGTAGAGTTCTTCTTCTAGGGGCT,50
RV-UML-m329,AGTCTGGTCAAAGTTCGCAGAGAACTAAACCACCCACCACAACGAGCATC,0.95,AGTCTGGTCAAAGTTCGCAGAGAACTAAACCACCCACCACAACGAGCATC,<pad><pad><pad><pad><pad><pad><pad><pad><pad><pad><pad><pad><pad><pad><pad><pad><pad><pad><pad><pad><pad><pad><pad><pad><pad><pad><pad><pad><pad><pad><pad><pad><pad><pad><pad><pad><pad><pad><pad><pad><pad><pad><pad><pad><pad><pad><pad><pad><pad><pad>AGTCTGGTCAAAGTTCGCAGAGAACTAAACCACCCACCACAACGAGCATC,50
RV-UML-m354,AGTGAGTCCCCGTCAACCGTATCGGGAGGGCGATCGACAATTCTCTACCA,1.17,AGTGAGTCCCCGTCAACCGTATCGGGAGGGCGATCGACAATTCTCTACCA,<pad><pad><pad><pad><pad><pad><pad><pad><pad><pad><pad><pad><pad><pad><pad><pad><pad><pad><pad><pad><pad><pad><pad><pad><pad><pad><pad><pad><pad><pad><pad><pad><pad><pad><pad><pad><pad><pad><pad><pad><pad><pad><pad><pad><pad><pad><pad><pad><pad><pad>AGTGAGTCCCCGTCAACCGTATCGGGAGGGCGATCGACAATTCTCTACCA,50
RV-UML-m018,AGTGATATAGAGTTATAGCGAAATTCCCATATCAATCAAGCATCAGGGGC,1.1,AGTGATATAGAGTTATAGCGAAATTCCCATATCAATCAAGCATCAGGGGC,<pad><pad><pad><pad><pad><pad><pad><pad><pad><pad><pad><pad><pad><pad><pad><pad><pad><pad><pad><pad><pad><pad><pad><pad><pad><pad><pad><pad><pad><pad><pad><pad><pad><pad><pad><pad><pad><pad><pad><pad><pad><pad><pad><pad><pad><pad><pad><pad><pad><pad>AGTGATATAGAGTTATAGCGAAATTCCCATATCAATCAAGCATCAGGGGC,50
RV-UML-m072,AGTGATCTGACGAGCTTATTGTCAGGTAGAGTTCCATCAGCAACAGACCA,0.94,AGTGATCTGACGAGCTTATTGTCAGGTAGAGTTCCATCAGCAACAGACCA,<pad><pad><pad><pad><pad><pad><pad><pad><pad><pad><pad><pad><pad><pad><pad><pad><pad><pad><pad><pad><pad><pad><pad><pad><pad><pad><pad><pad><pad><pad><pad><pad><pad><pad><pad><pad><pad><pad><pad><pad><pad><pad><pad><pad><pad><pad><pad><pad><pad><pad>AGTGATCTGACGAGCTTATTGTCAGGTAGAGTTCCATCAGCAACAGACCA,50
RV-UML-m326,AGTGCCAAGGTATACGGGAAGAAAGTGTGTTCAACATACGCGTGGCGAGG,1.07,AGTGCCAAGGTATACGGGAAGAAAGTGTGTTCAACATACGCGTGGCGAGG,<pad><pad><pad><pad><pad><pad><pad><pad><pad><pad><pad><pad><pad><pad><pad><pad><pad><pad><pad><pad><pad><pad><pad><pad><pad><pad><pad><pad><pad><pad><pad><pad><pad><pad><pad><pad><pad><pad><pad><pad><pad><pad><pad><pad><pad><pad><pad><pad><pad><pad>AGTGCCAAGGTATACGGGAAGAAAGTGTGTTCAACATACGCGTGGCGAGG,50
RV-UML-m060,AGTGCCCTATACAGCTTTTGCATAGAATACGAGTGACGAACGCGCAACGG,1.09,AGTGCCCTATACAGCTTTTGCATAGAATACGAGTGACGAACGCGCAACGG,<pad><pad><pad><pad><pad><pad><pad><pad><pad><pad><pad><pad><pad><pad><pad><pad><pad><pad><pad><pad><pad><pad><pad><pad><pad><pad><pad><pad><pad><pad><pad><pad><pad><pad><pad><pad><pad><pad><pad><pad><pad><pad><pad><pad><pad><pad><pad><pad><pad><pad>AGTGCCCTATACAGCTTTTGCATAGAATACGAGTGACGAACGCGCAACGG,50
RV-UML-m076,AGTGCCGCATTGTCTTCTTGTGTTCGCTTGCCGCCGACGAACAACTGGAA,1.17,AGTGCCGCATTGTCTTCTTGTGTTCGCTTGCCGCCGACGAACAACTGGAA,<pad><pad><pad><pad><pad><pad><pad><pad><pad><pad><pad><pad><pad><pad><pad><pad><pad><pad><pad><pad><pad><pad><pad><pad><pad><pad><pad><pad><pad><pad><pad><pad><pad><pad><pad><pad><pad><pad><pad><pad><pad><pad><pad><pad><pad><pad><pad><pad><pad><pad>AGTGCCGCATTGTCTTCTTGTGTTCGCTTGCCGCCGACGAACAACTGGAA,50
RV-UML-m005,AGTGGACTTGTTATCTCGCATTTGCGCAATCCACTATACTGCGTTGGGCC,1.12,AGTGGACTTGTTATCTCGCATTTGCGCAATCCACTATACTGCGTTGGGCC,<pad><pad><pad><pad><pad><pad><pad><pad><pad><pad><pad><pad><pad><pad><pad><pad><pad><pad><pad><pad><pad><pad><pad><pad><pad><pad><pad><pad><pad><pad><pad><pad><pad><pad><pad><pad><pad><pad><pad><pad><pad><pad><pad><pad><pad><pad><pad><pad><pad><pad>AGTGGACTTGTTATCTCGCATTTGCGCAATCCACTATACTGCGTTGGGCC,50
RV-UML-m286,AGTGGAGAGCGCAATCCAGTTTCCTTAGCAAAGCATATCACCCTTCGGCT,1.24,AGTGGAGAGCGCAATCCAGTTTCCTTAGCAAAGCATATCACCCTTCGGCT,<pad><pad><pad><pad><pad><pad><pad><pad><pad><pad><pad><pad><pad><pad><pad><pad><pad><pad><pad><pad><pad><pad><pad><pad><pad><pad><pad><pad><pad><pad><pad><pad><pad><pad><pad><pad><pad><pad><pad><pad><pad><pad><pad><pad><pad><pad><pad><pad><pad><pad>AGTGGAGAGCGCAATCCAGTTTCCTTAGCAAAGCATATCACCCTTCGGCT,50
RV-UML-m291,AGTGGAGATTCGGGATCTGCAAATCACCGATAAAACATCCCTTCGGGAGG,1.19,AGTGGAGATTCGGGATCTGCAAATCACCGATAAAACATCCCTTCGGGAGG,<pad><pad><pad><pad><pad><pad><pad><pad><pad><pad><pad><pad><pad><pad><pad><pad><pad><pad><pad><pad><pad><pad><pad><pad><pad><pad><pad><pad><pad><pad><pad><pad><pad><pad><pad><pad><pad><pad><pad><pad><pad><pad><pad><pad><pad><pad><pad><pad><pad><pad>AGTGGAGATTCGGGATCTGCAAATCACCGATAAAACATCCCTTCGGGAGG,50
RV-UML-m334,AGTGGAGTACCTATTTAAGGGAGAGTGTTAGATCCCGACTAACGTTCGCT,1.11,AGTGGAGTACCTATTTAAGGGAGAGTGTTAGATCCCGACTAACGTTCGCT,<pad><pad><pad><pad><pad><pad><pad><pad><pad><pad><pad><pad><pad><pad><pad><pad><pad><pad><pad><pad><pad><pad><pad><pad><pad><pad><pad><pad><pad><pad><pad><pad><pad><pad><pad><pad><pad><pad><pad><pad><pad><pad><pad><pad><pad><pad><pad><pad><pad><pad>AGTGGAGTACCTATTTAAGGGAGAGTGTTAGATCCCGACTAACGTTCGCT,50
RV-UML-m019,AGTGGATTTATATAGCGGAATTTCGAGACGTTTCGCAAACTACTGAGGCC,1.04,AGTGGATTTATATAGCGGAATTTCGAGACGTTTCGCAAACTACTGAGGCC,<pad><pad><pad><pad><pad><pad><pad><pad><pad><pad><pad><pad><pad><pad><pad><pad><pad><pad><pad><pad><pad><pad><pad><pad><pad><pad><pad><pad><pad><pad><pad><pad><pad><pad><pad><pad><pad><pad><pad><pad><pad><pad><pad><pad><pad><pad><pad><pad><pad><pad>AGTGGATTTATATAGCGGAATTTCGAGACGTTTCGCAAACTACTGAGGCC,50
RV-UML-m360,AGTGTATTTTGGTTAGCTCCAATCTGGATCTTGACACGCCATACCTTCGC,1.06,AGTGTATTTTGGTTAGCTCCAATCTGGATCTTGACACGCCATACCTTCGC,<pad><pad><pad><pad><pad><pad><pad><pad><pad><pad><pad><pad><pad><pad><pad><pad><pad><pad><pad><pad><pad><pad><pad><pad><pad><pad><pad><pad><pad><pad><pad><pad><pad><pad><pad><pad><pad><pad><pad><pad><pad><pad><pad><pad><pad><pad><pad><pad><pad><pad>AGTGTATTTTGGTTAGCTCCAATCTGGATCTTGACACGCCATACCTTCGC,50
RV-UML-m350,AGTGTCGCTCCTACTAGTTTACAGTATATCATCGAGTGAGCCAGCCCTTC,0.79,AGTGTCGCTCCTACTAGTTTACAGTATATCATCGAGTGAGCCAGCCCTTC,<pad><pad><pad><pad><pad><pad><pad><pad><pad><pad><pad><pad><pad><pad><pad><pad><pad><pad><pad><pad><pad><pad><pad><pad><pad><pad><pad><pad><pad><pad><pad><pad><pad><pad><pad><pad><pad><pad><pad><pad><pad><pad><pad><pad><pad><pad><pad><pad><pad><pad>AGTGTCGCTCCTACTAGTTTACAGTATATCATCGAGTGAGCCAGCCCTTC,50
RV-UML-m057,AGTTACAACCTCTCCACTGCCTCAAACAGTTTTCAACGCCTGTCCGCGGA,0.97,AGTTACAACCTCTCCACTGCCTCAAACAGTTTTCAACGCCTGTCCGCGGA,<pad><pad><pad><pad><pad><pad><pad><pad><pad><pad><pad><pad><pad><pad><pad><pad><pad><pad><pad><pad><pad><pad><pad><pad><pad><pad><pad><pad><pad><pad><pad><pad><pad><pad><pad><pad><pad><pad><pad><pad><pad><pad><pad><pad><pad><pad><pad><pad><pad><pad>AGTTACAACCTCTCCACTGCCTCAAACAGTTTTCAACGCCTGTCCGCGGA,50
RV-UML-m373,AGTTAGAACGTTATCTGGTTCGAAGAGTTGATAGACGCAGAATCAGGGCC,1.11,AGTTAGAACGTTATCTGGTTCGAAGAGTTGATAGACGCAGAATCAGGGCC,<pad><pad><pad><pad><pad><pad><pad><pad><pad><pad><pad><pad><pad><pad><pad><pad><pad><pad><pad><pad><pad><pad><pad><pad><pad><pad><pad><pad><pad><pad><pad><pad><pad><pad><pad><pad><pad><pad><pad><pad><pad><pad><pad><pad><pad><pad><pad><pad><pad><pad>AGTTAGAACGTTATCTGGTTCGAAGAGTTGATAGACGCAGAATCAGGGCC,50
RV-UML-m009,AGTTAGACGTTATTTGGAGAGAATTCATTAACAAATTCTCTTACGGGGCC,1.04,AGTTAGACGTTATTTGGAGAGAATTCATTAACAAATTCTCTTACGGGGCC,<pad><pad><pad><pad><pad><pad><pad><pad><pad><pad><pad><pad><pad><pad><pad><pad><pad><pad><pad><pad><pad><pad><pad><pad><pad><pad><pad><pad><pad><pad><pad><pad><pad><pad><pad><pad><pad><pad><pad><pad><pad><pad><pad><pad><pad><pad><pad><pad><pad><pad>AGTTAGACGTTATTTGGAGAGAATTCATTAACAAATTCTCTTACGGGGCC,50
RV-UML-m044,AGTTAGGAACACATCACTTCCCTGTTGTATTGGGATTATTTGTCCGACTA,0.54,AGTTAGGAACACATCACTTCCCTGTTGTATTGGGATTATTTGTCCGACTA,<pad><pad><pad><pad><pad><pad><pad><pad><pad><pad><pad><pad><pad><pad><pad><pad><pad><pad><pad><pad><pad><pad><pad><pad><pad><pad><pad><pad><pad><pad><pad><pad><pad><pad><pad><pad><pad><pad><pad><pad><pad><pad><pad><pad><pad><pad><pad><pad><pad><pad>AGTTAGGAACACATCACTTCCCTGTTGTATTGGGATTATTTGTCCGACTA,50
RV-UML-m337,AGTTATACACAGATTGCCCGTCCTCTACACAGAGCTTTCTGTCATTCACG,1.06,AGTTATACACAGATTGCCCGTCCTCTACACAGAGCTTTCTGTCATTCACG,<pad><pad><pad><pad><pad><pad><pad><pad><pad><pad><pad><pad><pad><pad><pad><pad><pad><pad><pad><pad><pad><pad><pad><pad><pad><pad><pad><pad><pad><pad><pad><pad><pad><pad><pad><pad><pad><pad><pad><pad><pad><pad><pad><pad><pad><pad><pad><pad><pad><pad>AGTTATACACAGATTGCCCGTCCTCTACACAGAGCTTTCTGTCATTCACG,50
RV-UML-m302,AGTTATTTGCGATAAACAGTAGGGAGACAATTGACCTGCACAGCGTGGCC,1.24,AGTTATTTGCGATAAACAGTAGGGAGACAATTGACCTGCACAGCGTGGCC,<pad><pad><pad><pad><pad><pad><pad><pad><pad><pad><pad><pad><pad><pad><pad><pad><pad><pad><pad><pad><pad><pad><pad><pad><pad><pad><pad><pad><pad><pad><pad><pad><pad><pad><pad><pad><pad><pad><pad><pad><pad><pad><pad><pad><pad><pad><pad><pad><pad><pad>AGTTATTTGCGATAAACAGTAGGGAGACAATTGACCTGCACAGCGTGGCC,50
RV-UML-m306,AGTTCCGACTGGATTTGCCGCATAAGAGGCTTAACTATACACCAGAGGTG,1.04,AGTTCCGACTGGATTTGCCGCATAAGAGGCTTAACTATACACCAGAGGTG,<pad><pad><pad><pad><pad><pad><pad><pad><pad><pad><pad><pad><pad><pad><pad><pad><pad><pad><pad><pad><pad><pad><pad><pad><pad><pad><pad><pad><pad><pad><pad><pad><pad><pad><pad><pad><pad><pad><pad><pad><pad><pad><pad><pad><pad><pad><pad><pad><pad><pad>AGTTCCGACTGGATTTGCCGCATAAGAGGCTTAACTATACACCAGAGGTG,50
RV-UML-m094,AGTTCGCTTTGTTATTCTTGCCAGTTTGTAGTTACCTAAAACCCATTCCC,0.49,AGTTCGCTTTGTTATTCTTGCCAGTTTGTAGTTACCTAAAACCCATTCCC,<pad><pad><pad><pad><pad><pad><pad><pad><pad><pad><pad><pad><pad><pad><pad><pad><pad><pad><pad><pad><pad><pad><pad><pad><pad><pad><pad><pad><pad><pad><pad><pad><pad><pad><pad><pad><pad><pad><pad><pad><pad><pad><pad><pad><pad><pad><pad><pad><pad><pad>AGTTCGCTTTGTTATTCTTGCCAGTTTGTAGTTACCTAAAACCCATTCCC,50
RV-UML-m346,AGTTGACTGCATACGCCTTGATTAACTAAATCGAGCGCCTACCGGAGAGT,0.88,AGTTGACTGCATACGCCTTGATTAACTAAATCGAGCGCCTACCGGAGAGT,<pad><pad><pad><pad><pad><pad><pad><pad><pad><pad><pad><pad><pad><pad><pad><pad><pad><pad><pad><pad><pad><pad><pad><pad><pad><pad><pad><pad><pad><pad><pad><pad><pad><pad><pad><pad><pad><pad><pad><pad><pad><pad><pad><pad><pad><pad><pad><pad><pad><pad>AGTTGACTGCATACGCCTTGATTAACTAAATCGAGCGCCTACCGGAGAGT,50
RV-UML-m026,AGTTGATCTTCGTCCGTGCATCACACCGGTCTTGTCCCCTGAACAGGGTA,1.16,AGTTGATCTTCGTCCGTGCATCACACCGGTCTTGTCCCCTGAACAGGGTA,<pad><pad><pad><pad><pad><pad><pad><pad><pad><pad><pad><pad><pad><pad><pad><pad><pad><pad><pad><pad><pad><pad><pad><pad><pad><pad><pad><pad><pad><pad><pad><pad><pad><pad><pad><pad><pad><pad><pad><pad><pad><pad><pad><pad><pad><pad><pad><pad><pad><pad>AGTTGATCTTCGTCCGTGCATCACACCGGTCTTGTCCCCTGAACAGGGTA,50
RV-UML-m363,AGTTGCAGTCGCTCATCAGGTCTGTCTCTGCTGGACACGATCATCCCGTC,1.05,AGTTGCAGTCGCTCATCAGGTCTGTCTCTGCTGGACACGATCATCCCGTC,<pad><pad><pad><pad><pad><pad><pad><pad><pad><pad><pad><pad><pad><pad><pad><pad><pad><pad><pad><pad><pad><pad><pad><pad><pad><pad><pad><pad><pad><pad><pad><pad><pad><pad><pad><pad><pad><pad><pad><pad><pad><pad><pad><pad><pad><pad><pad><pad><pad><pad>AGTTGCAGTCGCTCATCAGGTCTGTCTCTGCTGGACACGATCATCCCGTC,50
RV-UML-m339,AGTTGCCCTTTATTTACGCACAAGAGATCGTACCTGCCCCGATCGCTACT,1.07,AGTTGCCCTTTATTTACGCACAAGAGATCGTACCTGCCCCGATCGCTACT,<pad><pad><pad><pad><pad><pad><pad><pad><pad><pad><pad><pad><pad><pad><pad><pad><pad><pad><pad><pad><pad><pad><pad><pad><pad><pad><pad><pad><pad><pad><pad><pad><pad><pad><pad><pad><pad><pad><pad><pad><pad><pad><pad><pad><pad><pad><pad><pad><pad><pad>AGTTGCCCTTTATTTACGCACAAGAGATCGTACCTGCCCCGATCGCTACT,50
RV-UML-m312,AGTTGCTTACAGCCTCGCACCTTGTTGTACCCGCGTTTATCCCTCATCTG,0.76,AGTTGCTTACAGCCTCGCACCTTGTTGTACCCGCGTTTATCCCTCATCTG,<pad><pad><pad><pad><pad><pad><pad><pad><pad><pad><pad><pad><pad><pad><pad><pad><pad><pad><pad><pad><pad><pad><pad><pad><pad><pad><pad><pad><pad><pad><pad><pad><pad><pad><pad><pad><pad><pad><pad><pad><pad><pad><pad><pad><pad><pad><pad><pad><pad><pad>AGTTGCTTACAGCCTCGCACCTTGTTGTACCCGCGTTTATCCCTCATCTG,50
RV-UML-m055,AGTTGGACTTGCGGACCACAAGGACAACGCGAGAAGGCATAGTCCATATC,0.68,AGTTGGACTTGCGGACCACAAGGACAACGCGAGAAGGCATAGTCCATATC,<pad><pad><pad><pad><pad><pad><pad><pad><pad><pad><pad><pad><pad><pad><pad><pad><pad><pad><pad><pad><pad><pad><pad><pad><pad><pad><pad><pad><pad><pad><pad><pad><pad><pad><pad><pad><pad><pad><pad><pad><pad><pad><pad><pad><pad><pad><pad><pad><pad><pad>AGTTGGACTTGCGGACCACAAGGACAACGCGAGAAGGCATAGTCCATATC,50
RV-UML-m331,AGTTGTTCGAAGAAAACAGAGTCGTATACGGTACGAACCCCTTCCACTCG,0.96,AGTTGTTCGAAGAAAACAGAGTCGTATACGGTACGAACCCCTTCCACTCG,<pad><pad><pad><pad><pad><pad><pad><pad><pad><pad><pad><pad><pad><pad><pad><pad><pad><pad><pad><pad><pad><pad><pad><pad><pad><pad><pad><pad><pad><pad><pad><pad><pad><pad><pad><pad><pad><pad><pad><pad><pad><pad><pad><pad><pad><pad><pad><pad><pad><pad>AGTTGTTCGAAGAAAACAGAGTCGTATACGGTACGAACCCCTTCCACTCG,50
RV-UML-m063,AGTTGTTCGACGAGATCCTTTCTCTCGCGATTATATCGTTCCGCTTTGCA,1.16,AGTTGTTCGACGAGATCCTTTCTCTCGCGATTATATCGTTCCGCTTTGCA,<pad><pad><pad><pad><pad><pad><pad><pad><pad><pad><pad><pad><pad><pad><pad><pad><pad><pad><pad><pad><pad><pad><pad><pad><pad><pad><pad><pad><pad><pad><pad><pad><pad><pad><pad><pad><pad><pad><pad><pad><pad><pad><pad><pad><pad><pad><pad><pad><pad><pad>AGTTGTTCGACGAGATCCTTTCTCTCGCGATTATATCGTTCCGCTTTGCA,50
RV-UML-m277,AGTTTAGCACGAAAATATACAAGGCTCTCGTGTCTCCCTTCAACGCTCGG,1.04,AGTTTAGCACGAAAATATACAAGGCTCTCGTGTCTCCCTTCAACGCTCGG,<pad><pad><pad><pad><pad><pad><pad><pad><pad><pad><pad><pad><pad><pad><pad><pad><pad><pad><pad><pad><pad><pad><pad><pad><pad><pad><pad><pad><pad><pad><pad><pad><pad><pad><pad><pad><pad><pad><pad><pad><pad><pad><pad><pad><pad><pad><pad><pad><pad><pad>AGTTTAGCACGAAAATATACAAGGCTCTCGTGTCTCCCTTCAACGCTCGG,50
RV-UML-m003,AGTTTCGTTCACTGTCCTTGACTAGAGAATATAATAAAAAGATTGTTGCT,0.52,AGTTTCGTTCACTGTCCTTGACTAGAGAATATAATAAAAAGATTGTTGCT,<pad><pad><pad><pad><pad><pad><pad><pad><pad><pad><pad><pad><pad><pad><pad><pad><pad><pad><pad><pad><pad><pad><pad><pad><pad><pad><pad><pad><pad><pad><pad><pad><pad><pad><pad><pad><pad><pad><pad><pad><pad><pad><pad><pad><pad><pad><pad><pad><pad><pad>AGTTTCGTTCACTGTCCTTGACTAGAGAATATAATAAAAAGATTGTTGCT,50
RV-UML-m050,AGTTTGGAACGAGGGGAAAATACTTGTTTCGAGCGATCGCGGGGGAAAGC,0.48,AGTTTGGAACGAGGGGAAAATACTTGTTTCGAGCGATCGCGGGGGAAAGC,<pad><pad><pad><pad><pad><pad><pad><pad><pad><pad><pad><pad><pad><pad><pad><pad><pad><pad><pad><pad><pad><pad><pad><pad><pad><pad><pad><pad><pad><pad><pad><pad><pad><pad><pad><pad><pad><pad><pad><pad><pad><pad><pad><pad><pad><pad><pad><pad><pad><pad>AGTTTGGAACGAGGGGAAAATACTTGTTTCGAGCGATCGCGGGGGAAAGC,50
RV-UML-m115,CCAGAGTTTGAGCGGTGCTGAACTGTCAGCACCATCTGTCCGGTCCCAGC,0.91,CCAGAGTTTGAGCGGTGCTGAACTGTCAGCACCATCTGTCCGGTCCCAGC,<pad><pad><pad><pad><pad><pad><pad><pad><pad><pad><pad><pad><pad><pad><pad><pad><pad><pad><pad><pad><pad><pad><pad><pad><pad><pad><pad><pad><pad><pad><pad><pad><pad><pad><pad><pad><pad><pad><pad><pad><pad><pad><pad><pad><pad><pad><pad><pad><pad><pad>CCAGAGTTTGAGCGGTGCTGAACTGTCAGCACCATCTGTCCGGTCCCAGC,50
RV-UML-m112,CGGCGCGGGTGGCCGAGGCGTAGCGCTGCGACCCCCGCACCCCTGCGAAC,0.95,CGGCGCGGGTGGCCGAGGCGTAGCGCTGCGACCCCCGCACCCCTGCGAAC,<pad><pad><pad><pad><pad><pad><pad><pad><pad><pad><pad><pad><pad><pad><pad><pad><pad><pad><pad><pad><pad><pad><pad><pad><pad><pad><pad><pad><pad><pad><pad><pad><pad><pad><pad><pad><pad><pad><pad><pad><pad><pad><pad><pad><pad><pad><pad><pad><pad><pad>CGGCGCGGGTGGCCGAGGCGTAGCGCTGCGACCCCCGCACCCCTGCGAAC,50
RV-UML-m107,CTGCCCGCCGCCTCCTCCGTGCGCCCGCCAGCCTCGCCCGCGCCGTCACC,0.95,CTGCCCGCCGCCTCCTCCGTGCGCCCGCCAGCCTCGCCCGCGCCGTCACC,<pad><pad><pad><pad><pad><pad><pad><pad><pad><pad><pad><pad><pad><pad><pad><pad><pad><pad><pad><pad><pad><pad><pad><pad><pad><pad><pad><pad><pad><pad><pad><pad><pad><pad><pad><pad><pad><pad><pad><pad><pad><pad><pad><pad><pad><pad><pad><pad><pad><pad>CTGCCCGCCGCCTCCTCCGTGCGCCCGCCAGCCTCGCCCGCGCCGTCACC,50
RV-UML-m109,CTGTAGCTCCACATTCCTGTGCATTGAGGGGTTAACATTAGGCTGGGAAG,1.09,CTGTAGCTCCACATTCCTGTGCATTGAGGGGTTAACATTAGGCTGGGAAG,<pad><pad><pad><pad><pad><pad><pad><pad><pad><pad><pad><pad><pad><pad><pad><pad><pad><pad><pad><pad><pad><pad><pad><pad><pad><pad><pad><pad><pad><pad><pad><pad><pad><pad><pad><pad><pad><pad><pad><pad><pad><pad><pad><pad><pad><pad><pad><pad><pad><pad>CTGTAGCTCCACATTCCTGTGCATTGAGGGGTTAACATTAGGCTGGGAAG,50
RV-UML-m110,GCCCAAGCGCCTTCTCCGCACCAGGGAAGCCCCACCCACCAGAAGCCAAG,1.0,GCCCAAGCGCCTTCTCCGCACCAGGGAAGCCCCACCCACCAGAAGCCAAG,<pad><pad><pad><pad><pad><pad><pad><pad><pad><pad><pad><pad><pad><pad><pad><pad><pad><pad><pad><pad><pad><pad><pad><pad><pad><pad><pad><pad><pad><pad><pad><pad><pad><pad><pad><pad><pad><pad><pad><pad><pad><pad><pad><pad><pad><pad><pad><pad><pad><pad>GCCCAAGCGCCTTCTCCGCACCAGGGAAGCCCCACCCACCAGAAGCCAAG,50
RV-UML-m111,GCGGGCGCGGCGCGGCGCGGCGCCATCTTGCAGCCGGCGGCGCGGATTGA,1.05,GCGGGCGCGGCGCGGCGCGGCGCCATCTTGCAGCCGGCGGCGCGGATTGA,<pad><pad><pad><pad><pad><pad><pad><pad><pad><pad><pad><pad><pad><pad><pad><pad><pad><pad><pad><pad><pad><pad><pad><pad><pad><pad><pad><pad><pad><pad><pad><pad><pad><pad><pad><pad><pad><pad><pad><pad><pad><pad><pad><pad><pad><pad><pad><pad><pad><pad>GCGGGCGCGGCGCGGCGCGGCGCCATCTTGCAGCCGGCGGCGCGGATTGA,50
RV-UML-m103,GGCGAGCGTGAGCCCAGCGACAGGAGAGTGAGCTCACCACGCGCAGCGCC,0.74,GGCGAGCGTGAGCCCAGCGACAGGAGAGTGAGCTCACCACGCGCAGCGCC,<pad><pad><pad><pad><pad><pad><pad><pad><pad><pad><pad><pad><pad><pad><pad><pad><pad><pad><pad><pad><pad><pad><pad><pad><pad><pad><pad><pad><pad><pad><pad><pad><pad><pad><pad><pad><pad><pad><pad><pad><pad><pad><pad><pad><pad><pad><pad><pad><pad><pad>GGCGAGCGTGAGCCCAGCGACAGGAGAGTGAGCTCACCACGCGCAGCGCC,50
RV-UML-m108,GGTGCTGGCGGCTGCAGCCGGAGTTCAAACCTAAGCAGCTGGAAGGAACC,0.79,GGTGCTGGCGGCTGCAGCCGGAGTTCAAACCTAAGCAGCTGGAAGGAACC,<pad><pad><pad><pad><pad><pad><pad><pad><pad><pad><pad><pad><pad><pad><pad><pad><pad><pad><pad><pad><pad><pad><pad><pad><pad><pad><pad><pad><pad><pad><pad><pad><pad><pad><pad><pad><pad><pad><pad><pad><pad><pad><pad><pad><pad><pad><pad><pad><pad><pad>GGTGCTGGCGGCTGCAGCCGGAGTTCAAACCTAAGCAGCTGGAAGGAACC,50
